TIME,CONTAINER,NAME,CONTAINER ID,CPU %,MEM USAGE / LIMIT,NET I/O,BLOCK I/O
1725633642447568687,da53720aae89,ev-ev-backend-1,da53720aae89,0.00%,10.16MiB / 907.3MiB,28.6kB / 15.9kB,11.1MB / 24.6kB
1725633642447568687,1b8afabbe850,ev-ble-proxy-1,1b8afabbe850,0.00%,30.92MiB / 907.3MiB,0B / 0B,11.1MB / 754kB
1725633642447568687,913ae2edb42c,ev-proxy-1,913ae2edb42c,0.00%,36.44MiB / 907.3MiB,12.7kB / 7.3kB,22.9MB / 0B
1725633650899205399,da53720aae89,ev-ev-backend-1,da53720aae89,0.00%,10.16MiB / 907.3MiB,28.6kB / 15.9kB,11.1MB / 24.6kB
1725633650899205399,1b8afabbe850,ev-ble-proxy-1,1b8afabbe850,0.00%,30.92MiB / 907.3MiB,0B / 0B,11.1MB / 754kB
1725633650899205399,913ae2edb42c,ev-proxy-1,913ae2edb42c,0.02%,36.44MiB / 907.3MiB,12.7kB / 7.3kB,22.9MB / 0B
1725633654575072424,da53720aae89,ev-ev-backend-1,da53720aae89,0.00%,10.16MiB / 907.3MiB,28.6kB / 15.9kB,11.1MB / 24.6kB
1725633654575072424,1b8afabbe850,ev-ble-proxy-1,1b8afabbe850,0.00%,30.92MiB / 907.3MiB,0B / 0B,11.1MB / 754kB
1725633654575072424,913ae2edb42c,ev-proxy-1,913ae2edb42c,0.00%,36.44MiB / 907.3MiB,12.7kB / 7.3kB,22.9MB / 0B
1725633658211784562,da53720aae89,ev-ev-backend-1,da53720aae89,0.00%,10.16MiB / 907.3MiB,28.6kB / 15.9kB,11.1MB / 24.6kB
1725633658211784562,1b8afabbe850,ev-ble-proxy-1,1b8afabbe850,0.00%,30.92MiB / 907.3MiB,0B / 0B,11.1MB / 754kB
1725633658211784562,913ae2edb42c,ev-proxy-1,913ae2edb42c,0.00%,36.44MiB / 907.3MiB,12.7kB / 7.3kB,22.9MB / 0B
1725633661850295168,da53720aae89,ev-ev-backend-1,da53720aae89,0.00%,10.16MiB / 907.3MiB,28.6kB / 15.9kB,11.1MB / 24.6kB
1725633661850295168,1b8afabbe850,ev-ble-proxy-1,1b8afabbe850,0.00%,30.92MiB / 907.3MiB,0B / 0B,11.1MB / 754kB
1725633661850295168,913ae2edb42c,ev-proxy-1,913ae2edb42c,0.03%,36.44MiB / 907.3MiB,12.7kB / 7.3kB,22.9MB / 0B
1725633665521810321,da53720aae89,ev-ev-backend-1,da53720aae89,0.00%,10.16MiB / 907.3MiB,28.6kB / 15.9kB,11.1MB / 24.6kB
1725633665521810321,1b8afabbe850,ev-ble-proxy-1,1b8afabbe850,0.00%,30.92MiB / 907.3MiB,0B / 0B,11.1MB / 754kB
1725633665521810321,913ae2edb42c,ev-proxy-1,913ae2edb42c,0.00%,36.44MiB / 907.3MiB,12.7kB / 7.3kB,22.9MB / 0B
1725633669169484020,da53720aae89,ev-ev-backend-1,da53720aae89,0.00%,10.16MiB / 907.3MiB,28.6kB / 15.9kB,11.1MB / 24.6kB
1725633669169484020,1b8afabbe850,ev-ble-proxy-1,1b8afabbe850,0.00%,30.92MiB / 907.3MiB,0B / 0B,11.1MB / 754kB
1725633669169484020,913ae2edb42c,ev-proxy-1,913ae2edb42c,0.00%,36.44MiB / 907.3MiB,12.7kB / 7.3kB,22.9MB / 0B
1725633672862247441,da53720aae89,ev-ev-backend-1,da53720aae89,0.00%,10.16MiB / 907.3MiB,28.6kB / 15.9kB,11.1MB / 24.6kB
1725633672862247441,1b8afabbe850,ev-ble-proxy-1,1b8afabbe850,1.60%,31.25MiB / 907.3MiB,0B / 0B,11.4MB / 754kB
1725633672862247441,913ae2edb42c,ev-proxy-1,913ae2edb42c,0.00%,36.44MiB / 907.3MiB,12.7kB / 7.3kB,22.9MB / 0B
1725633677370073779,da53720aae89,ev-ev-backend-1,da53720aae89,0.00%,10.93MiB / 907.3MiB,29.1kB / 16.4kB,11.9MB / 24.6kB
1725633677370073779,1b8afabbe850,ev-ble-proxy-1,1b8afabbe850,0.00%,31.95MiB / 907.3MiB,0B / 0B,12.1MB / 754kB
1725633677370073779,913ae2edb42c,ev-proxy-1,913ae2edb42c,0.00%,37.89MiB / 907.3MiB,13.7kB / 8.38kB,24.4MB / 0B
1725633681051832676,da53720aae89,ev-ev-backend-1,da53720aae89,0.00%,11.47MiB / 907.3MiB,36.2kB / 19.2kB,12.5MB / 24.6kB
1725633681051832676,1b8afabbe850,ev-ble-proxy-1,1b8afabbe850,0.00%,31.96MiB / 907.3MiB,0B / 0B,12.1MB / 754kB
1725633681051832676,913ae2edb42c,ev-proxy-1,913ae2edb42c,0.21%,37.91MiB / 907.3MiB,15.5kB / 10.2kB,24.4MB / 0B
1725633684724180953,da53720aae89,ev-ev-backend-1,da53720aae89,0.09%,11.49MiB / 907.3MiB,36.9kB / 19.7kB,12.5MB / 24.6kB
1725633684724180953,1b8afabbe850,ev-ble-proxy-1,1b8afabbe850,0.00%,31.96MiB / 907.3MiB,0B / 0B,12.1MB / 754kB
1725633684724180953,913ae2edb42c,ev-proxy-1,913ae2edb42c,0.00%,37.91MiB / 907.3MiB,15.5kB / 10.2kB,24.4MB / 0B
1725633688373227358,da53720aae89,ev-ev-backend-1,da53720aae89,0.11%,11.49MiB / 907.3MiB,37.4kB / 20.1kB,12.5MB / 24.6kB
1725633688373227358,1b8afabbe850,ev-ble-proxy-1,1b8afabbe850,0.00%,31.96MiB / 907.3MiB,0B / 0B,12.1MB / 754kB
1725633688373227358,913ae2edb42c,ev-proxy-1,913ae2edb42c,0.00%,37.91MiB / 907.3MiB,15.5kB / 10.2kB,24.4MB / 0B
1725633692002199783,da53720aae89,ev-ev-backend-1,da53720aae89,0.00%,11.49MiB / 907.3MiB,38kB / 20.6kB,12.5MB / 24.6kB
1725633692002199783,1b8afabbe850,ev-ble-proxy-1,1b8afabbe850,0.00%,31.96MiB / 907.3MiB,0B / 0B,12.1MB / 754kB
1725633692002199783,913ae2edb42c,ev-proxy-1,913ae2edb42c,9.46%,38.04MiB / 907.3MiB,15.5kB / 10.2kB,24.4MB / 0B
1725633695657734978,da53720aae89,ev-ev-backend-1,da53720aae89,0.23%,12.1MiB / 907.3MiB,45.8kB / 24.5kB,12.7MB / 24.6kB
1725633695657734978,1b8afabbe850,ev-ble-proxy-1,1b8afabbe850,0.00%,31.96MiB / 907.3MiB,0B / 0B,12.1MB / 754kB
1725633695657734978,913ae2edb42c,ev-proxy-1,913ae2edb42c,0.00%,38.07MiB / 907.3MiB,15.8kB / 10.5kB,24.4MB / 0B
1725633699307070521,da53720aae89,ev-ev-backend-1,da53720aae89,0.85%,12.13MiB / 907.3MiB,47.9kB / 25.9kB,12.7MB / 36.9kB
1725633699307070521,1b8afabbe850,ev-ble-proxy-1,1b8afabbe850,6.79%,31.96MiB / 907.3MiB,0B / 0B,12.1MB / 754kB
1725633699307070521,913ae2edb42c,ev-proxy-1,913ae2edb42c,0.00%,38.07MiB / 907.3MiB,15.8kB / 10.5kB,24.4MB / 0B
1725633702943879948,da53720aae89,ev-ev-backend-1,da53720aae89,0.22%,12.13MiB / 907.3MiB,48.4kB / 26.4kB,12.7MB / 36.9kB
1725633702943879948,1b8afabbe850,ev-ble-proxy-1,1b8afabbe850,0.00%,31.96MiB / 907.3MiB,0B / 0B,12.1MB / 754kB
1725633702943879948,913ae2edb42c,ev-proxy-1,913ae2edb42c,0.00%,38.07MiB / 907.3MiB,17.6kB / 12.4kB,24.4MB / 0B
1725633706580585253,da53720aae89,ev-ev-backend-1,da53720aae89,0.00%,12.23MiB / 907.3MiB,51.8kB / 28.7kB,12.7MB / 49.2kB
1725633706580585253,1b8afabbe850,ev-ble-proxy-1,1b8afabbe850,0.00%,32MiB / 907.3MiB,0B / 0B,12.2MB / 754kB
1725633706580585253,913ae2edb42c,ev-proxy-1,913ae2edb42c,0.00%,38.07MiB / 907.3MiB,18kB / 12.7kB,24.4MB / 0B
1725633710241042151,da53720aae89,ev-ev-backend-1,da53720aae89,0.00%,12.23MiB / 907.3MiB,51.8kB / 28.7kB,12.7MB / 49.2kB
1725633710241042151,1b8afabbe850,ev-ble-proxy-1,1b8afabbe850,0.00%,32MiB / 907.3MiB,0B / 0B,12.2MB / 754kB
1725633710241042151,913ae2edb42c,ev-proxy-1,913ae2edb42c,0.00%,38.07MiB / 907.3MiB,18kB / 12.7kB,24.4MB / 0B
1725633713893126548,da53720aae89,ev-ev-backend-1,da53720aae89,0.00%,12.23MiB / 907.3MiB,51.8kB / 28.7kB,12.7MB / 49.2kB
1725633713893126548,1b8afabbe850,ev-ble-proxy-1,1b8afabbe850,0.00%,32MiB / 907.3MiB,0B / 0B,12.2MB / 754kB
1725633713893126548,913ae2edb42c,ev-proxy-1,913ae2edb42c,0.00%,38.07MiB / 907.3MiB,18kB / 12.7kB,24.4MB / 0B
1725633717566511982,da53720aae89,ev-ev-backend-1,da53720aae89,0.00%,12.23MiB / 907.3MiB,51.8kB / 28.7kB,12.7MB / 49.2kB
1725633717566511982,1b8afabbe850,ev-ble-proxy-1,1b8afabbe850,0.00%,32MiB / 907.3MiB,0B / 0B,12.2MB / 754kB
1725633717566511982,913ae2edb42c,ev-proxy-1,913ae2edb42c,0.00%,38.07MiB / 907.3MiB,18kB / 12.7kB,24.4MB / 0B
1725633721220977491,da53720aae89,ev-ev-backend-1,da53720aae89,0.00%,12.35MiB / 907.3MiB,52.4kB / 29.3kB,12.7MB / 49.2kB
1725633721220977491,1b8afabbe850,ev-ble-proxy-1,1b8afabbe850,0.00%,32MiB / 907.3MiB,0B / 0B,12.2MB / 754kB
1725633721220977491,913ae2edb42c,ev-proxy-1,913ae2edb42c,0.54%,38.07MiB / 907.3MiB,18.9kB / 13.7kB,24.4MB / 0B
1725633724849531408,da53720aae89,ev-ev-backend-1,da53720aae89,0.42%,12.37MiB / 907.3MiB,55kB / 30.8kB,12.7MB / 49.2kB
1725633724849531408,1b8afabbe850,ev-ble-proxy-1,1b8afabbe850,5.01%,32MiB / 907.3MiB,0B / 0B,12.2MB / 754kB
1725633724849531408,913ae2edb42c,ev-proxy-1,913ae2edb42c,0.38%,38.12MiB / 907.3MiB,19.7kB / 14.6kB,24.4MB / 0B
1725633728496074354,da53720aae89,ev-ev-backend-1,da53720aae89,13.42%,12.41MiB / 907.3MiB,58.3kB / 33.4kB,12.7MB / 61.4kB
1725633728496074354,1b8afabbe850,ev-ble-proxy-1,1b8afabbe850,2.18%,32MiB / 907.3MiB,0B / 0B,12.2MB / 754kB
1725633728496074354,913ae2edb42c,ev-proxy-1,913ae2edb42c,0.00%,38.12MiB / 907.3MiB,20.7kB / 15.5kB,24.4MB / 0B
1725633732123946177,da53720aae89,ev-ev-backend-1,da53720aae89,0.90%,12.42MiB / 907.3MiB,60.5kB / 34.8kB,12.7MB / 61.4kB
1725633732123946177,1b8afabbe850,ev-ble-proxy-1,1b8afabbe850,8.03%,32MiB / 907.3MiB,0B / 0B,12.2MB / 754kB
1725633732123946177,913ae2edb42c,ev-proxy-1,913ae2edb42c,0.04%,38.12MiB / 907.3MiB,21kB / 15.8kB,24.4MB / 0B
1725633735775856360,da53720aae89,ev-ev-backend-1,da53720aae89,5.99%,13.55MiB / 907.3MiB,62.9kB / 35.3kB,12.7MB / 61.4kB
1725633735775856360,1b8afabbe850,ev-ble-proxy-1,1b8afabbe850,0.00%,32.01MiB / 907.3MiB,0B / 0B,12.2MB / 754kB
1725633735775856360,913ae2edb42c,ev-proxy-1,913ae2edb42c,0.00%,38.13MiB / 907.3MiB,22.8kB / 17.7kB,24.4MB / 0B
1725633739441669093,da53720aae89,ev-ev-backend-1,da53720aae89,0.00%,12.46MiB / 907.3MiB,64.3kB / 37.5kB,12.7MB / 73.7kB
1725633739441669093,1b8afabbe850,ev-ble-proxy-1,1b8afabbe850,3.20%,32.01MiB / 907.3MiB,0B / 0B,12.2MB / 754kB
1725633739441669093,913ae2edb42c,ev-proxy-1,913ae2edb42c,0.00%,38.12MiB / 907.3MiB,23.1kB / 17.9kB,24.4MB / 0B
1725633743091030321,da53720aae89,ev-ev-backend-1,da53720aae89,0.00%,12.48MiB / 907.3MiB,66.8kB / 38.9kB,12.7MB / 73.7kB
1725633743091030321,1b8afabbe850,ev-ble-proxy-1,1b8afabbe850,0.00%,32.02MiB / 907.3MiB,0B / 0B,12.2MB / 754kB
1725633743091030321,913ae2edb42c,ev-proxy-1,913ae2edb42c,0.00%,38.14MiB / 907.3MiB,24.9kB / 19.8kB,24.4MB / 0B
1725633746718508261,da53720aae89,ev-ev-backend-1,da53720aae89,0.00%,12.51MiB / 907.3MiB,70.2kB / 41.6kB,12.7MB / 86kB
1725633746718508261,1b8afabbe850,ev-ble-proxy-1,1b8afabbe850,0.00%,32.01MiB / 907.3MiB,0B / 0B,12.2MB / 754kB
1725633746718508261,913ae2edb42c,ev-proxy-1,913ae2edb42c,0.00%,38.14MiB / 907.3MiB,25.2kB / 20.1kB,24.4MB / 0B
1725633750380860996,da53720aae89,ev-ev-backend-1,da53720aae89,0.00%,12.54MiB / 907.3MiB,72.8kB / 43.2kB,12.7MB / 86kB
1725633750380860996,1b8afabbe850,ev-ble-proxy-1,1b8afabbe850,0.00%,32.02MiB / 907.3MiB,0B / 0B,12.2MB / 754kB
1725633750380860996,913ae2edb42c,ev-proxy-1,913ae2edb42c,0.00%,38.15MiB / 907.3MiB,27kB / 21.9kB,24.4MB / 0B
1725633754026188845,da53720aae89,ev-ev-backend-1,da53720aae89,0.00%,12.61MiB / 907.3MiB,76.2kB / 45.8kB,12.7MB / 98.3kB
1725633754026188845,1b8afabbe850,ev-ble-proxy-1,1b8afabbe850,0.00%,32.02MiB / 907.3MiB,0B / 0B,12.2MB / 754kB
1725633754026188845,913ae2edb42c,ev-proxy-1,913ae2edb42c,0.00%,38.14MiB / 907.3MiB,27.3kB / 22.2kB,24.4MB / 0B
1725633757662733312,da53720aae89,ev-ev-backend-1,da53720aae89,0.06%,12.61MiB / 907.3MiB,78.6kB / 47.2kB,12.7MB / 98.3kB
1725633757662733312,1b8afabbe850,ev-ble-proxy-1,1b8afabbe850,3.37%,32.02MiB / 907.3MiB,0B / 0B,12.2MB / 754kB
1725633757662733312,913ae2edb42c,ev-proxy-1,913ae2edb42c,0.63%,38.16MiB / 907.3MiB,28.6kB / 23.5kB,24.4MB / 0B
1725633761290615386,da53720aae89,ev-ev-backend-1,da53720aae89,13.35%,12.62MiB / 907.3MiB,82.1kB / 49.9kB,12.7MB / 111kB
1725633761290615386,1b8afabbe850,ev-ble-proxy-1,1b8afabbe850,2.17%,32.02MiB / 907.3MiB,0B / 0B,12.2MB / 754kB
1725633761290615386,913ae2edb42c,ev-proxy-1,913ae2edb42c,0.05%,38.16MiB / 907.3MiB,29.1kB / 24.1kB,24.4MB / 0B
1725633764919122396,da53720aae89,ev-ev-backend-1,da53720aae89,0.00%,12.62MiB / 907.3MiB,82.1kB / 49.9kB,12.7MB / 111kB
1725633764919122396,1b8afabbe850,ev-ble-proxy-1,1b8afabbe850,1.22%,32.02MiB / 907.3MiB,0B / 0B,12.2MB / 754kB
1725633764919122396,913ae2edb42c,ev-proxy-1,913ae2edb42c,0.00%,38.16MiB / 907.3MiB,29.5kB / 24.3kB,24.4MB / 0B
1725633768591161586,da53720aae89,ev-ev-backend-1,da53720aae89,0.00%,12.62MiB / 907.3MiB,84.6kB / 51.4kB,12.7MB / 111kB
1725633768591161586,1b8afabbe850,ev-ble-proxy-1,1b8afabbe850,0.00%,32.03MiB / 907.3MiB,0B / 0B,12.2MB / 754kB
1725633768591161586,913ae2edb42c,ev-proxy-1,913ae2edb42c,0.00%,38.17MiB / 907.3MiB,31.2kB / 26.2kB,24.4MB / 0B
1725633772703277911,da53720aae89,ev-ev-backend-1,da53720aae89,0.00%,12.62MiB / 907.3MiB,85.2kB / 51.8kB,12.7MB / 111kB
1725633772703277911,1b8afabbe850,ev-ble-proxy-1,1b8afabbe850,0.05%,32.03MiB / 907.3MiB,0B / 0B,12.2MB / 754kB
1725633772703277911,913ae2edb42c,ev-proxy-1,913ae2edb42c,0.00%,38.17MiB / 907.3MiB,31.2kB / 26.2kB,24.4MB / 0B
1725633776360201204,da53720aae89,ev-ev-backend-1,da53720aae89,0.00%,12.65MiB / 907.3MiB,88.6kB / 54.5kB,12.7MB / 123kB
1725633776360201204,1b8afabbe850,ev-ble-proxy-1,1b8afabbe850,0.00%,32.02MiB / 907.3MiB,0B / 0B,12.2MB / 754kB
1725633776360201204,913ae2edb42c,ev-proxy-1,913ae2edb42c,0.00%,38.17MiB / 907.3MiB,31.6kB / 26.5kB,24.4MB / 0B
1725633780041338118,da53720aae89,ev-ev-backend-1,da53720aae89,0.38%,12.66MiB / 907.3MiB,91.1kB / 55.9kB,12.7MB / 123kB
1725633780041338118,1b8afabbe850,ev-ble-proxy-1,1b8afabbe850,3.14%,32.03MiB / 907.3MiB,0B / 0B,12.2MB / 754kB
1725633780041338118,913ae2edb42c,ev-proxy-1,913ae2edb42c,0.70%,38.18MiB / 907.3MiB,33.4kB / 28.3kB,24.4MB / 0B
1725633783676374888,da53720aae89,ev-ev-backend-1,da53720aae89,0.00%,12.66MiB / 907.3MiB,91.1kB / 55.9kB,12.7MB / 123kB
1725633783676374888,1b8afabbe850,ev-ble-proxy-1,1b8afabbe850,0.99%,32.04MiB / 907.3MiB,0B / 0B,12.2MB / 754kB
1725633783676374888,913ae2edb42c,ev-proxy-1,913ae2edb42c,0.23%,38.18MiB / 907.3MiB,33.7kB / 28.6kB,24.4MB / 0B
1725633787302138957,da53720aae89,ev-ev-backend-1,da53720aae89,0.00%,12.68MiB / 907.3MiB,94.5kB / 58.6kB,12.7MB / 135kB
1725633787302138957,1b8afabbe850,ev-ble-proxy-1,1b8afabbe850,0.00%,32.04MiB / 907.3MiB,0B / 0B,12.2MB / 754kB
1725633787302138957,913ae2edb42c,ev-proxy-1,913ae2edb42c,0.00%,38.18MiB / 907.3MiB,33.7kB / 28.6kB,24.4MB / 0B
1725633790956242659,da53720aae89,ev-ev-backend-1,da53720aae89,0.89%,12.7MiB / 907.3MiB,96.7kB / 60kB,12.7MB / 135kB
1725633790956242659,1b8afabbe850,ev-ble-proxy-1,1b8afabbe850,7.12%,32.04MiB / 907.3MiB,0B / 0B,12.2MB / 754kB
1725633790956242659,913ae2edb42c,ev-proxy-1,913ae2edb42c,0.00%,38.18MiB / 907.3MiB,33.7kB / 28.6kB,24.4MB / 0B
1725633794636095178,da53720aae89,ev-ev-backend-1,da53720aae89,0.17%,12.71MiB / 907.3MiB,97.2kB / 60.4kB,12.7MB / 135kB
1725633794636095178,1b8afabbe850,ev-ble-proxy-1,1b8afabbe850,0.00%,32.04MiB / 907.3MiB,0B / 0B,12.2MB / 754kB
1725633794636095178,913ae2edb42c,ev-proxy-1,913ae2edb42c,0.00%,38.18MiB / 907.3MiB,35.5kB / 30.5kB,24.4MB / 0B
1725633798264713217,da53720aae89,ev-ev-backend-1,da53720aae89,0.00%,12.75MiB / 907.3MiB,100kB / 62.7kB,12.7MB / 147kB
1725633798264713217,1b8afabbe850,ev-ble-proxy-1,1b8afabbe850,0.00%,32.04MiB / 907.3MiB,0B / 0B,12.2MB / 754kB
1725633798264713217,913ae2edb42c,ev-proxy-1,913ae2edb42c,0.00%,38.18MiB / 907.3MiB,35.8kB / 30.7kB,24.4MB / 0B
1725633801929772339,da53720aae89,ev-ev-backend-1,da53720aae89,0.05%,12.75MiB / 907.3MiB,103kB / 64.3kB,12.7MB / 147kB
1725633801929772339,1b8afabbe850,ev-ble-proxy-1,1b8afabbe850,5.61%,32.05MiB / 907.3MiB,0B / 0B,12.2MB / 754kB
1725633801929772339,913ae2edb42c,ev-proxy-1,913ae2edb42c,0.21%,38.19MiB / 907.3MiB,37.6kB / 32.6kB,24.4MB / 0B
1725633805588350981,da53720aae89,ev-ev-backend-1,da53720aae89,2.68%,12.79MiB / 907.3MiB,106kB / 66.9kB,12.7MB / 160kB
1725633805588350981,1b8afabbe850,ev-ble-proxy-1,1b8afabbe850,2.11%,32.05MiB / 907.3MiB,0B / 0B,12.2MB / 754kB
1725633805588350981,913ae2edb42c,ev-proxy-1,913ae2edb42c,0.00%,38.19MiB / 907.3MiB,37.6kB / 32.6kB,24.4MB / 0B
1725633809231289364,da53720aae89,ev-ev-backend-1,da53720aae89,0.00%,12.79MiB / 907.3MiB,106kB / 66.9kB,12.7MB / 160kB
1725633809231289364,1b8afabbe850,ev-ble-proxy-1,1b8afabbe850,0.00%,32.05MiB / 907.3MiB,0B / 0B,12.2MB / 754kB
1725633809231289364,913ae2edb42c,ev-proxy-1,913ae2edb42c,0.00%,38.19MiB / 907.3MiB,37.9kB / 32.9kB,24.4MB / 0B
1725633812857391196,da53720aae89,ev-ev-backend-1,da53720aae89,0.30%,12.8MiB / 907.3MiB,109kB / 68.7kB,12.7MB / 160kB
1725633812857391196,1b8afabbe850,ev-ble-proxy-1,1b8afabbe850,0.00%,32.05MiB / 907.3MiB,0B / 0B,12.2MB / 754kB
1725633812857391196,913ae2edb42c,ev-proxy-1,913ae2edb42c,0.48%,38.2MiB / 907.3MiB,39.7kB / 34.7kB,24.4MB / 0B
1725633816482702037,da53720aae89,ev-ev-backend-1,da53720aae89,0.00%,12.84MiB / 907.3MiB,112kB / 71.5kB,12.7MB / 172kB
1725633816482702037,1b8afabbe850,ev-ble-proxy-1,1b8afabbe850,0.00%,32.05MiB / 907.3MiB,0B / 0B,12.2MB / 754kB
1725633816482702037,913ae2edb42c,ev-proxy-1,913ae2edb42c,0.24%,38.2MiB / 907.3MiB,40kB / 35kB,24.4MB / 0B
1725633820124464419,da53720aae89,ev-ev-backend-1,da53720aae89,0.00%,12.84MiB / 907.3MiB,112kB / 71.5kB,12.7MB / 172kB
1725633820124464419,1b8afabbe850,ev-ble-proxy-1,1b8afabbe850,1.26%,32.05MiB / 907.3MiB,0B / 0B,12.2MB / 754kB
1725633820124464419,913ae2edb42c,ev-proxy-1,913ae2edb42c,0.00%,38.2MiB / 907.3MiB,40kB / 35kB,24.4MB / 0B
1725633823794112895,da53720aae89,ev-ev-backend-1,da53720aae89,0.00%,12.86MiB / 907.3MiB,115kB / 73kB,12.7MB / 172kB
1725633823794112895,1b8afabbe850,ev-ble-proxy-1,1b8afabbe850,0.00%,32.06MiB / 907.3MiB,0B / 0B,12.2MB / 754kB
1725633823794112895,913ae2edb42c,ev-proxy-1,913ae2edb42c,0.00%,38.2MiB / 907.3MiB,41.8kB / 36.9kB,24.4MB / 0B
1725633826431096436,da53720aae89,ev-ev-backend-1,da53720aae89,0.00%,12.91MiB / 907.3MiB,118kB / 75.5kB,12.7MB / 184kB
1725633826431096436,1b8afabbe850,ev-ble-proxy-1,1b8afabbe850,0.00%,32.06MiB / 907.3MiB,0B / 0B,12.2MB / 754kB
1725633826431096436,913ae2edb42c,ev-proxy-1,913ae2edb42c,0.24%,38.2MiB / 907.3MiB,42.2kB / 37.1kB,24.4MB / 0B
1725633830082241128,da53720aae89,ev-ev-backend-1,da53720aae89,0.00%,12.91MiB / 907.3MiB,118kB / 75.5kB,12.7MB / 184kB
1725633830082241128,1b8afabbe850,ev-ble-proxy-1,1b8afabbe850,0.00%,32.06MiB / 907.3MiB,0B / 0B,12.2MB / 754kB
1725633830082241128,913ae2edb42c,ev-proxy-1,913ae2edb42c,0.00%,38.2MiB / 907.3MiB,42.2kB / 37.1kB,24.4MB / 0B
1725633833721505223,da53720aae89,ev-ev-backend-1,da53720aae89,0.00%,12.91MiB / 907.3MiB,121kB / 77kB,12.7MB / 184kB
1725633833721505223,1b8afabbe850,ev-ble-proxy-1,1b8afabbe850,0.00%,32.06MiB / 907.3MiB,0B / 0B,12.2MB / 754kB
1725633833721505223,913ae2edb42c,ev-proxy-1,913ae2edb42c,0.00%,38.2MiB / 907.3MiB,43.9kB / 39kB,24.4MB / 0B
1725633837365894535,da53720aae89,ev-ev-backend-1,da53720aae89,0.00%,12.95MiB / 907.3MiB,124kB / 79.8kB,12.7MB / 197kB
1725633837365894535,1b8afabbe850,ev-ble-proxy-1,1b8afabbe850,0.00%,32.06MiB / 907.3MiB,0B / 0B,12.2MB / 754kB
1725633837365894535,913ae2edb42c,ev-proxy-1,913ae2edb42c,0.00%,38.2MiB / 907.3MiB,44.3kB / 39.3kB,24.4MB / 0B
1725633841050941410,da53720aae89,ev-ev-backend-1,da53720aae89,1.95%,13.07MiB / 907.3MiB,127kB / 81.2kB,12.7MB / 197kB
1725633841050941410,1b8afabbe850,ev-ble-proxy-1,1b8afabbe850,6.28%,32.07MiB / 907.3MiB,0B / 0B,12.2MB / 754kB
1725633841050941410,913ae2edb42c,ev-proxy-1,913ae2edb42c,0.36%,38.22MiB / 907.3MiB,46kB / 41.1kB,24.4MB / 0B
1725633844747158042,da53720aae89,ev-ev-backend-1,da53720aae89,0.20%,13.07MiB / 907.3MiB,127kB / 81.6kB,12.7MB / 197kB
1725633844747158042,1b8afabbe850,ev-ble-proxy-1,1b8afabbe850,2.21%,32.06MiB / 907.3MiB,0B / 0B,12.2MB / 754kB
1725633844747158042,913ae2edb42c,ev-proxy-1,913ae2edb42c,0.24%,38.21MiB / 907.3MiB,46.4kB / 41.4kB,24.4MB / 0B
1725633848373667881,da53720aae89,ev-ev-backend-1,da53720aae89,0.00%,13.07MiB / 907.3MiB,130kB / 84kB,12.7MB / 209kB
1725633848373667881,1b8afabbe850,ev-ble-proxy-1,1b8afabbe850,0.00%,32.06MiB / 907.3MiB,0B / 0B,12.2MB / 754kB
1725633848373667881,913ae2edb42c,ev-proxy-1,913ae2edb42c,0.00%,38.21MiB / 907.3MiB,46.4kB / 41.4kB,24.4MB / 0B
1725633852060753160,da53720aae89,ev-ev-backend-1,da53720aae89,0.61%,13.07MiB / 907.3MiB,133kB / 85.4kB,12.7MB / 209kB
1725633852060753160,1b8afabbe850,ev-ble-proxy-1,1b8afabbe850,4.61%,32.07MiB / 907.3MiB,0B / 0B,12.2MB / 754kB
1725633852060753160,913ae2edb42c,ev-proxy-1,913ae2edb42c,0.03%,38.21MiB / 907.3MiB,46.4kB / 41.4kB,24.4MB / 0B
1725633855714235395,da53720aae89,ev-ev-backend-1,da53720aae89,0.32%,13.07MiB / 907.3MiB,133kB / 85.8kB,12.7MB / 209kB
1725633855714235395,1b8afabbe850,ev-ble-proxy-1,1b8afabbe850,0.00%,32.07MiB / 907.3MiB,0B / 0B,12.2MB / 754kB
1725633855714235395,913ae2edb42c,ev-proxy-1,913ae2edb42c,0.00%,38.22MiB / 907.3MiB,48.2kB / 43.3kB,24.4MB / 0B
1725633859352526328,da53720aae89,ev-ev-backend-1,da53720aae89,0.00%,13.07MiB / 907.3MiB,136kB / 88kB,12.7MB / 221kB
1725633859352526328,1b8afabbe850,ev-ble-proxy-1,1b8afabbe850,0.00%,32.07MiB / 907.3MiB,0B / 0B,12.2MB / 754kB
1725633859352526328,913ae2edb42c,ev-proxy-1,913ae2edb42c,0.00%,38.22MiB / 907.3MiB,48.5kB / 43.5kB,24.4MB / 0B
1725633862998154702,da53720aae89,ev-ev-backend-1,da53720aae89,0.32%,13.07MiB / 907.3MiB,138kB / 89kB,12.7MB / 221kB
1725633862998154702,1b8afabbe850,ev-ble-proxy-1,1b8afabbe850,0.00%,32.07MiB / 907.3MiB,0B / 0B,12.2MB / 754kB
1725633862998154702,913ae2edb42c,ev-proxy-1,913ae2edb42c,0.28%,38.27MiB / 907.3MiB,49.3kB / 44.4kB,24.4MB / 0B
1725633866634400741,da53720aae89,ev-ev-backend-1,da53720aae89,0.00%,13.07MiB / 907.3MiB,139kB / 89.4kB,12.7MB / 221kB
1725633866634400741,1b8afabbe850,ev-ble-proxy-1,1b8afabbe850,0.00%,32.08MiB / 907.3MiB,0B / 0B,12.2MB / 754kB
1725633866634400741,913ae2edb42c,ev-proxy-1,913ae2edb42c,0.00%,38.27MiB / 907.3MiB,50.3kB / 45.4kB,24.4MB / 0B
1725633870262111472,da53720aae89,ev-ev-backend-1,da53720aae89,0.00%,13.07MiB / 907.3MiB,142kB / 92kB,12.7MB / 233kB
1725633870262111472,1b8afabbe850,ev-ble-proxy-1,1b8afabbe850,0.00%,32.08MiB / 907.3MiB,0B / 0B,12.2MB / 754kB
1725633870262111472,913ae2edb42c,ev-proxy-1,913ae2edb42c,0.05%,38.27MiB / 907.3MiB,50.6kB / 45.7kB,24.4MB / 0B
1725633873887516485,da53720aae89,ev-ev-backend-1,da53720aae89,0.00%,13.07MiB / 907.3MiB,145kB / 93.8kB,12.7MB / 233kB
1725633873887516485,1b8afabbe850,ev-ble-proxy-1,1b8afabbe850,0.00%,32.09MiB / 907.3MiB,0B / 0B,12.2MB / 754kB
1725633873887516485,913ae2edb42c,ev-proxy-1,913ae2edb42c,0.24%,38.28MiB / 907.3MiB,52.4kB / 47.5kB,24.4MB / 0B
1725633877548756648,da53720aae89,ev-ev-backend-1,da53720aae89,13.40%,13.07MiB / 907.3MiB,148kB / 96.4kB,12.7MB / 246kB
1725633877548756648,1b8afabbe850,ev-ble-proxy-1,1b8afabbe850,0.00%,32.09MiB / 907.3MiB,0B / 0B,12.2MB / 754kB
1725633877548756648,913ae2edb42c,ev-proxy-1,913ae2edb42c,0.00%,38.27MiB / 907.3MiB,52.7kB / 47.8kB,24.4MB / 0B
1725633881198803918,da53720aae89,ev-ev-backend-1,da53720aae89,0.00%,13.07MiB / 907.3MiB,148kB / 96.4kB,12.7MB / 246kB
1725633881198803918,1b8afabbe850,ev-ble-proxy-1,1b8afabbe850,7.53%,32.1MiB / 907.3MiB,0B / 0B,12.2MB / 754kB
1725633881198803918,913ae2edb42c,ev-proxy-1,913ae2edb42c,0.55%,38.29MiB / 907.3MiB,54kB / 49.1kB,24.4MB / 0B
1725633884839093493,da53720aae89,ev-ev-backend-1,da53720aae89,0.00%,13.07MiB / 907.3MiB,151kB / 97.9kB,12.7MB / 246kB
1725633884839093493,1b8afabbe850,ev-ble-proxy-1,1b8afabbe850,0.00%,32.09MiB / 907.3MiB,0B / 0B,12.2MB / 754kB
1725633884839093493,913ae2edb42c,ev-proxy-1,913ae2edb42c,0.00%,38.29MiB / 907.3MiB,54.5kB / 49.7kB,24.4MB / 0B
1725633888464759939,da53720aae89,ev-ev-backend-1,da53720aae89,0.00%,13.08MiB / 907.3MiB,154kB / 100kB,12.7MB / 258kB
1725633888464759939,1b8afabbe850,ev-ble-proxy-1,1b8afabbe850,0.00%,32.09MiB / 907.3MiB,0B / 0B,12.2MB / 754kB
1725633888464759939,913ae2edb42c,ev-proxy-1,913ae2edb42c,0.00%,38.29MiB / 907.3MiB,54.8kB / 49.9kB,24.4MB / 0B
1725633892120325589,da53720aae89,ev-ev-backend-1,da53720aae89,0.26%,13.08MiB / 907.3MiB,157kB / 102kB,12.7MB / 258kB
1725633892120325589,1b8afabbe850,ev-ble-proxy-1,1b8afabbe850,4.92%,32.1MiB / 907.3MiB,0B / 0B,12.2MB / 754kB
1725633892120325589,913ae2edb42c,ev-proxy-1,913ae2edb42c,0.00%,38.3MiB / 907.3MiB,56.6kB / 51.8kB,24.4MB / 0B
1725633895778499600,da53720aae89,ev-ev-backend-1,da53720aae89,0.00%,13.08MiB / 907.3MiB,160kB / 105kB,12.7MB / 270kB
1725633895778499600,1b8afabbe850,ev-ble-proxy-1,1b8afabbe850,0.00%,32.1MiB / 907.3MiB,0B / 0B,12.2MB / 754kB
1725633895778499600,913ae2edb42c,ev-proxy-1,913ae2edb42c,0.23%,38.29MiB / 907.3MiB,57kB / 52.1kB,24.4MB / 0B
1725633899425215615,da53720aae89,ev-ev-backend-1,da53720aae89,0.47%,13.08MiB / 907.3MiB,162kB / 106kB,12.7MB / 270kB
1725633899425215615,1b8afabbe850,ev-ble-proxy-1,1b8afabbe850,3.96%,32.11MiB / 907.3MiB,0B / 0B,12.2MB / 754kB
1725633899425215615,913ae2edb42c,ev-proxy-1,913ae2edb42c,0.00%,38.29MiB / 907.3MiB,57kB / 52.1kB,24.4MB / 0B
1725633903063853350,da53720aae89,ev-ev-backend-1,da53720aae89,0.28%,13.08MiB / 907.3MiB,163kB / 107kB,12.7MB / 270kB
1725633903063853350,1b8afabbe850,ev-ble-proxy-1,1b8afabbe850,0.00%,32.1MiB / 907.3MiB,0B / 0B,12.2MB / 754kB
1725633903063853350,913ae2edb42c,ev-proxy-1,913ae2edb42c,0.00%,38.3MiB / 907.3MiB,58.7kB / 53.9kB,24.4MB / 0B
1725633906698173871,da53720aae89,ev-ev-backend-1,da53720aae89,0.00%,13.08MiB / 907.3MiB,166kB / 109kB,12.7MB / 283kB
1725633906698173871,1b8afabbe850,ev-ble-proxy-1,1b8afabbe850,1.32%,32.11MiB / 907.3MiB,0B / 0B,12.2MB / 754kB
1725633906698173871,913ae2edb42c,ev-proxy-1,913ae2edb42c,0.00%,38.3MiB / 907.3MiB,59.1kB / 54.2kB,24.4MB / 0B
1725633910323401484,da53720aae89,ev-ev-backend-1,da53720aae89,0.00%,13.09MiB / 907.3MiB,169kB / 110kB,12.7MB / 283kB
1725633910323401484,1b8afabbe850,ev-ble-proxy-1,1b8afabbe850,0.00%,32.11MiB / 907.3MiB,0B / 0B,12.2MB / 754kB
1725633910323401484,913ae2edb42c,ev-proxy-1,913ae2edb42c,0.07%,38.33MiB / 907.3MiB,60.8kB / 56.1kB,24.4MB / 0B
1725633913971475957,da53720aae89,ev-ev-backend-1,da53720aae89,0.00%,13.09MiB / 907.3MiB,172kB / 113kB,12.7MB / 295kB
1725633913971475957,1b8afabbe850,ev-ble-proxy-1,1b8afabbe850,0.00%,32.11MiB / 907.3MiB,0B / 0B,12.2MB / 754kB
1725633913971475957,913ae2edb42c,ev-proxy-1,913ae2edb42c,0.04%,48.07MiB / 907.3MiB,140kB / 63.1kB,27.9MB / 0B
1725633917596915068,da53720aae89,ev-ev-backend-1,da53720aae89,0.09%,13.1MiB / 907.3MiB,175kB / 114kB,12.7MB / 295kB
1725633917596915068,1b8afabbe850,ev-ble-proxy-1,1b8afabbe850,6.60%,32.11MiB / 907.3MiB,0B / 0B,12.2MB / 754kB
1725633917596915068,913ae2edb42c,ev-proxy-1,913ae2edb42c,0.38%,48.09MiB / 907.3MiB,142kB / 64.9kB,27.9MB / 0B
1725633921256126689,da53720aae89,ev-ev-backend-1,da53720aae89,0.00%,13.1MiB / 907.3MiB,178kB / 117kB,12.7MB / 307kB
1725633921256126689,1b8afabbe850,ev-ble-proxy-1,1b8afabbe850,0.00%,32.11MiB / 907.3MiB,0B / 0B,12.2MB / 754kB
1725633921256126689,913ae2edb42c,ev-proxy-1,913ae2edb42c,0.26%,48.1MiB / 907.3MiB,142kB / 65.2kB,27.9MB / 0B
1725633924899360868,da53720aae89,ev-ev-backend-1,da53720aae89,0.37%,13.1MiB / 907.3MiB,180kB / 118kB,12.7MB / 307kB
1725633924899360868,1b8afabbe850,ev-ble-proxy-1,1b8afabbe850,2.98%,32.12MiB / 907.3MiB,0B / 0B,12.2MB / 754kB
1725633924899360868,913ae2edb42c,ev-proxy-1,913ae2edb42c,0.00%,48.1MiB / 907.3MiB,142kB / 65.2kB,27.9MB / 0B
1725633928526147661,da53720aae89,ev-ev-backend-1,da53720aae89,0.28%,13.1MiB / 907.3MiB,181kB / 119kB,12.7MB / 307kB
1725633928526147661,1b8afabbe850,ev-ble-proxy-1,1b8afabbe850,0.00%,32.12MiB / 907.3MiB,0B / 0B,12.2MB / 754kB
1725633928526147661,913ae2edb42c,ev-proxy-1,913ae2edb42c,0.00%,48.14MiB / 907.3MiB,144kB / 67.1kB,27.9MB / 0B
1725633932175810273,da53720aae89,ev-ev-backend-1,da53720aae89,0.00%,13.12MiB / 907.3MiB,184kB / 121kB,12.7MB / 319kB
1725633932175810273,1b8afabbe850,ev-ble-proxy-1,1b8afabbe850,0.00%,32.12MiB / 907.3MiB,0B / 0B,12.2MB / 754kB
1725633932175810273,913ae2edb42c,ev-proxy-1,913ae2edb42c,0.03%,48.16MiB / 907.3MiB,144kB / 67.3kB,27.9MB / 0B
1725633935799649994,da53720aae89,ev-ev-backend-1,da53720aae89,0.00%,13.12MiB / 907.3MiB,187kB / 123kB,12.7MB / 319kB
1725633935799649994,1b8afabbe850,ev-ble-proxy-1,1b8afabbe850,0.00%,32.12MiB / 907.3MiB,0B / 0B,12.2MB / 754kB
1725633935799649994,913ae2edb42c,ev-proxy-1,913ae2edb42c,0.61%,48.31MiB / 907.3MiB,146kB / 69.2kB,27.9MB / 0B
1725633939451062738,da53720aae89,ev-ev-backend-1,da53720aae89,0.00%,13.13MiB / 907.3MiB,190kB / 125kB,12.7MB / 332kB
1725633939451062738,1b8afabbe850,ev-ble-proxy-1,1b8afabbe850,2.26%,32.12MiB / 907.3MiB,0B / 0B,12.2MB / 754kB
1725633939451062738,913ae2edb42c,ev-proxy-1,913ae2edb42c,0.00%,48.31MiB / 907.3MiB,147kB / 69.5kB,27.9MB / 0B
1725633943077529669,da53720aae89,ev-ev-backend-1,da53720aae89,0.00%,13.13MiB / 907.3MiB,190kB / 125kB,12.7MB / 332kB
1725633943077529669,1b8afabbe850,ev-ble-proxy-1,1b8afabbe850,4.47%,32.13MiB / 907.3MiB,0B / 0B,12.2MB / 754kB
1725633943077529669,913ae2edb42c,ev-proxy-1,913ae2edb42c,0.09%,48.31MiB / 907.3MiB,147kB / 69.8kB,27.9MB / 0B
1725633946719608148,da53720aae89,ev-ev-backend-1,da53720aae89,0.00%,13.13MiB / 907.3MiB,193kB / 127kB,12.7MB / 332kB
1725633946719608148,1b8afabbe850,ev-ble-proxy-1,1b8afabbe850,0.00%,32.13MiB / 907.3MiB,0B / 0B,12.2MB / 754kB
1725633946719608148,913ae2edb42c,ev-proxy-1,913ae2edb42c,0.00%,48.32MiB / 907.3MiB,149kB / 71.6kB,27.9MB / 0B
1725633950392253222,da53720aae89,ev-ev-backend-1,da53720aae89,0.00%,13.14MiB / 907.3MiB,196kB / 129kB,12.7MB / 344kB
1725633950392253222,1b8afabbe850,ev-ble-proxy-1,1b8afabbe850,0.00%,32.13MiB / 907.3MiB,0B / 0B,12.2MB / 754kB
1725633950392253222,913ae2edb42c,ev-proxy-1,913ae2edb42c,0.00%,48.32MiB / 907.3MiB,149kB / 71.9kB,27.9MB / 0B
1725633954045062186,da53720aae89,ev-ev-backend-1,da53720aae89,0.05%,13.15MiB / 907.3MiB,198kB / 131kB,12.7MB / 344kB
1725633954045062186,1b8afabbe850,ev-ble-proxy-1,1b8afabbe850,1.72%,32.14MiB / 907.3MiB,0B / 0B,12.2MB / 754kB
1725633954045062186,913ae2edb42c,ev-proxy-1,913ae2edb42c,0.52%,48.32MiB / 907.3MiB,150kB / 73.2kB,27.9MB / 0B
1725633957703367823,da53720aae89,ev-ev-backend-1,da53720aae89,8.57%,13.16MiB / 907.3MiB,202kB / 133kB,12.7MB / 356kB
1725633957703367823,1b8afabbe850,ev-ble-proxy-1,1b8afabbe850,2.95%,32.14MiB / 907.3MiB,0B / 0B,12.2MB / 754kB
1725633957703367823,913ae2edb42c,ev-proxy-1,913ae2edb42c,0.00%,48.32MiB / 907.3MiB,151kB / 73.7kB,27.9MB / 0B
1725633961329012495,da53720aae89,ev-ev-backend-1,da53720aae89,0.00%,13.16MiB / 907.3MiB,202kB / 133kB,12.7MB / 356kB
1725633961329012495,1b8afabbe850,ev-ble-proxy-1,1b8afabbe850,0.00%,32.14MiB / 907.3MiB,0B / 0B,12.2MB / 754kB
1725633961329012495,913ae2edb42c,ev-proxy-1,913ae2edb42c,0.08%,48.32MiB / 907.3MiB,151kB / 74kB,27.9MB / 0B
1725633964966708272,da53720aae89,ev-ev-backend-1,da53720aae89,0.00%,13.16MiB / 907.3MiB,204kB / 135kB,12.7MB / 356kB
1725633964966708272,1b8afabbe850,ev-ble-proxy-1,1b8afabbe850,0.00%,32.14MiB / 907.3MiB,0B / 0B,12.2MB / 754kB
1725633964966708272,913ae2edb42c,ev-proxy-1,913ae2edb42c,0.00%,48.32MiB / 907.3MiB,153kB / 75.9kB,27.9MB / 0B
1725633968626107115,da53720aae89,ev-ev-backend-1,da53720aae89,0.00%,13.16MiB / 907.3MiB,208kB / 138kB,12.7MB / 369kB
1725633968626107115,1b8afabbe850,ev-ble-proxy-1,1b8afabbe850,0.00%,32.14MiB / 907.3MiB,0B / 0B,12.2MB / 754kB
1725633968626107115,913ae2edb42c,ev-proxy-1,913ae2edb42c,0.00%,48.34MiB / 907.3MiB,153kB / 76.2kB,27.9MB / 0B
1725633972267786603,da53720aae89,ev-ev-backend-1,da53720aae89,0.00%,13.16MiB / 907.3MiB,211kB / 139kB,12.7MB / 369kB
1725633972267786603,1b8afabbe850,ev-ble-proxy-1,1b8afabbe850,0.00%,32.15MiB / 907.3MiB,0B / 0B,12.2MB / 754kB
1725633972267786603,913ae2edb42c,ev-proxy-1,913ae2edb42c,0.00%,48.35MiB / 907.3MiB,155kB / 78.1kB,27.9MB / 0B
1725633975938452646,da53720aae89,ev-ev-backend-1,da53720aae89,0.00%,13.16MiB / 907.3MiB,211kB / 139kB,12.7MB / 369kB
1725633975938452646,1b8afabbe850,ev-ble-proxy-1,1b8afabbe850,0.05%,32.15MiB / 907.3MiB,0B / 0B,12.2MB / 754kB
1725633975938452646,913ae2edb42c,ev-proxy-1,913ae2edb42c,0.00%,48.35MiB / 907.3MiB,155kB / 78.1kB,27.9MB / 0B
1725633979617517738,da53720aae89,ev-ev-backend-1,da53720aae89,0.00%,13.17MiB / 907.3MiB,215kB / 142kB,12.7MB / 381kB
1725633979617517738,1b8afabbe850,ev-ble-proxy-1,1b8afabbe850,0.00%,32.15MiB / 907.3MiB,0B / 0B,12.2MB / 754kB
1725633979617517738,913ae2edb42c,ev-proxy-1,913ae2edb42c,0.00%,48.36MiB / 907.3MiB,156kB / 78.4kB,27.9MB / 0B
1725633983246800791,da53720aae89,ev-ev-backend-1,da53720aae89,0.00%,13.17MiB / 907.3MiB,217kB / 144kB,12.7MB / 381kB
1725633983246800791,1b8afabbe850,ev-ble-proxy-1,1b8afabbe850,0.00%,32.15MiB / 907.3MiB,0B / 0B,12.2MB / 754kB
1725633983246800791,913ae2edb42c,ev-proxy-1,913ae2edb42c,0.23%,48.36MiB / 907.3MiB,157kB / 80.2kB,27.9MB / 0B
1725633986902279743,da53720aae89,ev-ev-backend-1,da53720aae89,0.11%,13.17MiB / 907.3MiB,218kB / 144kB,12.7MB / 381kB
1725633986902279743,1b8afabbe850,ev-ble-proxy-1,1b8afabbe850,0.05%,32.15MiB / 907.3MiB,0B / 0B,12.2MB / 754kB
1725633986902279743,913ae2edb42c,ev-proxy-1,913ae2edb42c,0.00%,48.36MiB / 907.3MiB,157kB / 80.2kB,27.9MB / 0B
1725633994696175721,da53720aae89,ev-ev-backend-1,da53720aae89,0.00%,13.17MiB / 907.3MiB,221kB / 147kB,12.7MB / 393kB
1725633994696175721,1b8afabbe850,ev-ble-proxy-1,1b8afabbe850,0.00%,32.15MiB / 907.3MiB,0B / 0B,12.2MB / 754kB
1725633994696175721,913ae2edb42c,ev-proxy-1,913ae2edb42c,0.00%,48.36MiB / 907.3MiB,158kB / 80.5kB,27.9MB / 0B
1725633998752574022,da53720aae89,ev-ev-backend-1,da53720aae89,0.08%,13.17MiB / 907.3MiB,224kB / 148kB,12.7MB / 393kB
1725633998752574022,1b8afabbe850,ev-ble-proxy-1,1b8afabbe850,0.96%,32.16MiB / 907.3MiB,0B / 0B,12.2MB / 754kB
1725633998752574022,913ae2edb42c,ev-proxy-1,913ae2edb42c,0.26%,48.36MiB / 907.3MiB,159kB / 81.9kB,27.9MB / 0B
1725634002388612158,da53720aae89,ev-ev-backend-1,da53720aae89,0.00%,13.17MiB / 907.3MiB,224kB / 149kB,12.7MB / 393kB
1725634002388612158,1b8afabbe850,ev-ble-proxy-1,1b8afabbe850,0.00%,32.16MiB / 907.3MiB,0B / 0B,12.2MB / 754kB
1725634002388612158,913ae2edb42c,ev-proxy-1,913ae2edb42c,0.13%,48.49MiB / 907.3MiB,160kB / 82.8kB,28.1MB / 0B
1725634006023892378,da53720aae89,ev-ev-backend-1,da53720aae89,0.00%,13.17MiB / 907.3MiB,228kB / 152kB,12.7MB / 406kB
1725634006023892378,1b8afabbe850,ev-ble-proxy-1,1b8afabbe850,0.65%,32.15MiB / 907.3MiB,0B / 0B,12.2MB / 754kB
1725634006023892378,913ae2edb42c,ev-proxy-1,913ae2edb42c,0.28%,48.49MiB / 907.3MiB,160kB / 83.1kB,28.1MB / 0B
1725634009684869906,da53720aae89,ev-ev-backend-1,da53720aae89,0.00%,13.17MiB / 907.3MiB,228kB / 152kB,12.7MB / 406kB
1725634009684869906,1b8afabbe850,ev-ble-proxy-1,1b8afabbe850,0.00%,32.15MiB / 907.3MiB,0B / 0B,12.2MB / 754kB
1725634009684869906,913ae2edb42c,ev-proxy-1,913ae2edb42c,0.00%,48.49MiB / 907.3MiB,160kB / 83.1kB,28.1MB / 0B
1725634013337922539,da53720aae89,ev-ev-backend-1,da53720aae89,0.27%,13.17MiB / 907.3MiB,229kB / 153kB,12.7MB / 406kB
1725634013337922539,1b8afabbe850,ev-ble-proxy-1,1b8afabbe850,2.90%,32.16MiB / 907.3MiB,0B / 0B,12.2MB / 754kB
1725634013337922539,913ae2edb42c,ev-proxy-1,913ae2edb42c,0.00%,48.49MiB / 907.3MiB,160kB / 83.1kB,28.1MB / 0B
1725634016960839868,da53720aae89,ev-ev-backend-1,da53720aae89,0.00%,13.17MiB / 907.3MiB,230kB / 153kB,12.7MB / 406kB
1725634016960839868,1b8afabbe850,ev-ble-proxy-1,1b8afabbe850,0.00%,32.16MiB / 907.3MiB,0B / 0B,12.2MB / 754kB
1725634016960839868,913ae2edb42c,ev-proxy-1,913ae2edb42c,0.00%,48.49MiB / 907.3MiB,162kB / 84.9kB,28.1MB / 0B
1725634020614520612,da53720aae89,ev-ev-backend-1,da53720aae89,0.22%,13.17MiB / 907.3MiB,231kB / 154kB,12.7MB / 406kB
1725634020614520612,1b8afabbe850,ev-ble-proxy-1,1b8afabbe850,0.00%,32.16MiB / 907.3MiB,0B / 0B,12.2MB / 754kB
1725634020614520612,913ae2edb42c,ev-proxy-1,913ae2edb42c,0.00%,48.49MiB / 907.3MiB,162kB / 84.9kB,28.1MB / 0B
1725634024276931133,da53720aae89,ev-ev-backend-1,da53720aae89,0.19%,13.17MiB / 907.3MiB,231kB / 154kB,12.7MB / 406kB
1725634024276931133,1b8afabbe850,ev-ble-proxy-1,1b8afabbe850,0.00%,32.16MiB / 907.3MiB,0B / 0B,12.2MB / 754kB
1725634024276931133,913ae2edb42c,ev-proxy-1,913ae2edb42c,0.00%,48.49MiB / 907.3MiB,162kB / 84.9kB,28.1MB / 0B
1725634027903491129,da53720aae89,ev-ev-backend-1,da53720aae89,0.30%,13.17MiB / 907.3MiB,233kB / 155kB,12.7MB / 406kB
1725634027903491129,1b8afabbe850,ev-ble-proxy-1,1b8afabbe850,0.00%,32.16MiB / 907.3MiB,0B / 0B,12.2MB / 754kB
1725634027903491129,913ae2edb42c,ev-proxy-1,913ae2edb42c,0.00%,48.49MiB / 907.3MiB,162kB / 84.9kB,28.1MB / 0B
1725634031529179409,da53720aae89,ev-ev-backend-1,da53720aae89,13.45%,13.17MiB / 907.3MiB,236kB / 158kB,12.7MB / 418kB
1725634031529179409,1b8afabbe850,ev-ble-proxy-1,1b8afabbe850,1.51%,32.16MiB / 907.3MiB,0B / 0B,12.2MB / 754kB
1725634031529179409,913ae2edb42c,ev-proxy-1,913ae2edb42c,0.02%,48.49MiB / 907.3MiB,162kB / 85kB,28.1MB / 0B
1725634035203125145,da53720aae89,ev-ev-backend-1,da53720aae89,0.00%,13.17MiB / 907.3MiB,236kB / 158kB,12.7MB / 418kB
1725634035203125145,1b8afabbe850,ev-ble-proxy-1,1b8afabbe850,0.00%,32.16MiB / 907.3MiB,0B / 0B,12.2MB / 754kB
1725634035203125145,913ae2edb42c,ev-proxy-1,913ae2edb42c,0.00%,48.49MiB / 907.3MiB,162kB / 85.3kB,28.1MB / 0B
1725634038843944451,da53720aae89,ev-ev-backend-1,da53720aae89,0.51%,13.17MiB / 907.3MiB,238kB / 159kB,12.7MB / 418kB
1725634038843944451,1b8afabbe850,ev-ble-proxy-1,1b8afabbe850,4.63%,32.16MiB / 907.3MiB,0B / 0B,12.2MB / 754kB
1725634038843944451,913ae2edb42c,ev-proxy-1,913ae2edb42c,0.00%,48.49MiB / 907.3MiB,162kB / 85.3kB,28.1MB / 0B
1725634042510701689,da53720aae89,ev-ev-backend-1,da53720aae89,0.32%,13.17MiB / 907.3MiB,239kB / 160kB,12.7MB / 418kB
1725634042510701689,1b8afabbe850,ev-ble-proxy-1,1b8afabbe850,0.00%,32.17MiB / 907.3MiB,0B / 0B,12.2MB / 754kB
1725634042510701689,913ae2edb42c,ev-proxy-1,913ae2edb42c,0.00%,48.49MiB / 907.3MiB,164kB / 87.3kB,28.1MB / 0B
1725634046146310243,da53720aae89,ev-ev-backend-1,da53720aae89,0.00%,13.18MiB / 907.3MiB,242kB / 162kB,12.7MB / 430kB
1725634046146310243,1b8afabbe850,ev-ble-proxy-1,1b8afabbe850,0.00%,32.16MiB / 907.3MiB,0B / 0B,12.2MB / 754kB
1725634046146310243,913ae2edb42c,ev-proxy-1,913ae2edb42c,0.00%,48.49MiB / 907.3MiB,165kB / 87.5kB,28.1MB / 0B
1725634049773676198,da53720aae89,ev-ev-backend-1,da53720aae89,0.53%,13.18MiB / 907.3MiB,243kB / 163kB,12.7MB / 430kB
1725634049773676198,1b8afabbe850,ev-ble-proxy-1,1b8afabbe850,5.97%,32.17MiB / 907.3MiB,0B / 0B,12.2MB / 754kB
1725634049773676198,913ae2edb42c,ev-proxy-1,913ae2edb42c,0.62%,48.5MiB / 907.3MiB,166kB / 89.4kB,28.1MB / 0B
1725634053409747085,da53720aae89,ev-ev-backend-1,da53720aae89,3.30%,14.5MiB / 907.3MiB,246kB / 164kB,12.7MB / 430kB
1725634053409747085,1b8afabbe850,ev-ble-proxy-1,1b8afabbe850,0.00%,32.17MiB / 907.3MiB,0B / 0B,12.2MB / 754kB
1725634053409747085,913ae2edb42c,ev-proxy-1,913ae2edb42c,0.00%,48.5MiB / 907.3MiB,166kB / 89.4kB,28.1MB / 0B
1725634057040051916,da53720aae89,ev-ev-backend-1,da53720aae89,0.00%,13.18MiB / 907.3MiB,248kB / 166kB,12.7MB / 442kB
1725634057040051916,1b8afabbe850,ev-ble-proxy-1,1b8afabbe850,0.00%,32.17MiB / 907.3MiB,0B / 0B,12.2MB / 754kB
1725634057040051916,913ae2edb42c,ev-proxy-1,913ae2edb42c,0.00%,48.5MiB / 907.3MiB,167kB / 89.7kB,28.1MB / 0B
1725634060691754503,da53720aae89,ev-ev-backend-1,da53720aae89,0.00%,13.18MiB / 907.3MiB,250kB / 168kB,12.7MB / 442kB
1725634060691754503,1b8afabbe850,ev-ble-proxy-1,1b8afabbe850,0.00%,32.19MiB / 907.3MiB,0B / 0B,12.2MB / 754kB
1725634060691754503,913ae2edb42c,ev-proxy-1,913ae2edb42c,0.89%,44.72MiB / 907.3MiB,168kB / 91.5kB,28.1MB / 0B
1725634064339823310,da53720aae89,ev-ev-backend-1,da53720aae89,0.00%,13.19MiB / 907.3MiB,254kB / 171kB,12.7MB / 455kB
1725634064339823310,1b8afabbe850,ev-ble-proxy-1,1b8afabbe850,0.61%,32.18MiB / 907.3MiB,0B / 0B,12.2MB / 754kB
1725634064339823310,913ae2edb42c,ev-proxy-1,913ae2edb42c,0.24%,44.72MiB / 907.3MiB,169kB / 91.8kB,28.1MB / 0B
1725634068006978693,da53720aae89,ev-ev-backend-1,da53720aae89,0.37%,13.19MiB / 907.3MiB,257kB / 173kB,12.7MB / 455kB
1725634068006978693,1b8afabbe850,ev-ble-proxy-1,1b8afabbe850,7.73%,32.44MiB / 907.3MiB,0B / 0B,12.2MB / 754kB
1725634068006978693,913ae2edb42c,ev-proxy-1,913ae2edb42c,0.27%,44.72MiB / 907.3MiB,170kB / 92.7kB,28.1MB / 0B
1725634071649739874,da53720aae89,ev-ev-backend-1,da53720aae89,0.00%,13.19MiB / 907.3MiB,257kB / 173kB,12.7MB / 455kB
1725634071649739874,1b8afabbe850,ev-ble-proxy-1,1b8afabbe850,0.96%,32.19MiB / 907.3MiB,0B / 0B,12.2MB / 754kB
1725634071649739874,913ae2edb42c,ev-proxy-1,913ae2edb42c,0.24%,44.72MiB / 907.3MiB,171kB / 93.9kB,28.1MB / 0B
1725634075303307952,da53720aae89,ev-ev-backend-1,da53720aae89,0.00%,13.19MiB / 907.3MiB,260kB / 175kB,12.7MB / 467kB
1725634075303307952,1b8afabbe850,ev-ble-proxy-1,1b8afabbe850,0.00%,32.18MiB / 907.3MiB,0B / 0B,12.2MB / 754kB
1725634075303307952,913ae2edb42c,ev-proxy-1,913ae2edb42c,0.00%,44.72MiB / 907.3MiB,171kB / 93.9kB,28.1MB / 0B
1725634078940327137,da53720aae89,ev-ev-backend-1,da53720aae89,0.05%,13.19MiB / 907.3MiB,263kB / 177kB,12.7MB / 467kB
1725634078940327137,1b8afabbe850,ev-ble-proxy-1,1b8afabbe850,1.54%,32.19MiB / 907.3MiB,0B / 0B,12.2MB / 754kB
1725634078940327137,913ae2edb42c,ev-proxy-1,913ae2edb42c,0.26%,44.72MiB / 907.3MiB,173kB / 95.8kB,28.1MB / 0B
1725634081608065817,da53720aae89,ev-ev-backend-1,da53720aae89,2.00%,14.12MiB / 907.3MiB,265kB / 177kB,12.7MB / 467kB
1725634081608065817,1b8afabbe850,ev-ble-proxy-1,1b8afabbe850,1.99%,32.19MiB / 907.3MiB,0B / 0B,12.2MB / 754kB
1725634081608065817,913ae2edb42c,ev-proxy-1,913ae2edb42c,0.25%,44.72MiB / 907.3MiB,173kB / 96.1kB,28.1MB / 0B
1725634085248964601,da53720aae89,ev-ev-backend-1,da53720aae89,0.87%,13.01MiB / 907.3MiB,268kB / 180kB,12.7MB / 479kB
1725634085248964601,1b8afabbe850,ev-ble-proxy-1,1b8afabbe850,2.99%,32.19MiB / 907.3MiB,0B / 0B,12.2MB / 754kB
1725634085248964601,913ae2edb42c,ev-proxy-1,913ae2edb42c,0.00%,44.72MiB / 907.3MiB,173kB / 96.1kB,28.1MB / 0B
1725634088920089567,da53720aae89,ev-ev-backend-1,da53720aae89,0.00%,13.01MiB / 907.3MiB,269kB / 181kB,12.7MB / 479kB
1725634088920089567,1b8afabbe850,ev-ble-proxy-1,1b8afabbe850,0.00%,32.2MiB / 907.3MiB,0B / 0B,12.2MB / 754kB
1725634088920089567,913ae2edb42c,ev-proxy-1,913ae2edb42c,0.00%,44.72MiB / 907.3MiB,175kB / 97.9kB,28.1MB / 0B
1725634092551736693,da53720aae89,ev-ev-backend-1,da53720aae89,0.00%,13.01MiB / 907.3MiB,272kB / 183kB,12.7MB / 492kB
1725634092551736693,1b8afabbe850,ev-ble-proxy-1,1b8afabbe850,0.00%,32.2MiB / 907.3MiB,0B / 0B,12.2MB / 754kB
1725634092551736693,913ae2edb42c,ev-proxy-1,913ae2edb42c,0.00%,44.72MiB / 907.3MiB,175kB / 98.2kB,28.1MB / 0B
1725634096188759297,da53720aae89,ev-ev-backend-1,da53720aae89,0.30%,13.01MiB / 907.3MiB,274kB / 185kB,12.7MB / 492kB
1725634096188759297,1b8afabbe850,ev-ble-proxy-1,1b8afabbe850,5.08%,32.2MiB / 907.3MiB,0B / 0B,12.2MB / 754kB
1725634096188759297,913ae2edb42c,ev-proxy-1,913ae2edb42c,0.29%,44.72MiB / 907.3MiB,176kB / 99.1kB,28.1MB / 0B
1725634099842016673,da53720aae89,ev-ev-backend-1,da53720aae89,18.66%,13.03MiB / 907.3MiB,278kB / 188kB,12.7MB / 504kB
1725634099842016673,1b8afabbe850,ev-ble-proxy-1,1b8afabbe850,2.10%,32.2MiB / 907.3MiB,0B / 0B,12.2MB / 754kB
1725634099842016673,913ae2edb42c,ev-proxy-1,913ae2edb42c,0.00%,44.72MiB / 907.3MiB,177kB / 100kB,28.1MB / 0B
1725634103467048993,da53720aae89,ev-ev-backend-1,da53720aae89,0.00%,13.03MiB / 907.3MiB,278kB / 188kB,12.7MB / 504kB
1725634103467048993,1b8afabbe850,ev-ble-proxy-1,1b8afabbe850,0.00%,32.2MiB / 907.3MiB,0B / 0B,12.2MB / 754kB
1725634103467048993,913ae2edb42c,ev-proxy-1,913ae2edb42c,0.00%,44.73MiB / 907.3MiB,177kB / 100kB,28.1MB / 0B
1725634107098842040,da53720aae89,ev-ev-backend-1,da53720aae89,0.06%,13.05MiB / 907.3MiB,280kB / 189kB,12.7MB / 504kB
1725634107098842040,1b8afabbe850,ev-ble-proxy-1,1b8afabbe850,0.00%,32.21MiB / 907.3MiB,0B / 0B,12.2MB / 754kB
1725634107098842040,913ae2edb42c,ev-proxy-1,913ae2edb42c,0.00%,44.73MiB / 907.3MiB,179kB / 102kB,28.1MB / 0B
1725634110775789023,da53720aae89,ev-ev-backend-1,da53720aae89,0.00%,13.06MiB / 907.3MiB,284kB / 192kB,12.7MB / 516kB
1725634110775789023,1b8afabbe850,ev-ble-proxy-1,1b8afabbe850,2.39%,32.2MiB / 907.3MiB,0B / 0B,12.2MB / 754kB
1725634110775789023,913ae2edb42c,ev-proxy-1,913ae2edb42c,0.07%,44.73MiB / 907.3MiB,179kB / 102kB,28.1MB / 0B
1725634114425101622,da53720aae89,ev-ev-backend-1,da53720aae89,0.75%,13.06MiB / 907.3MiB,286kB / 193kB,12.7MB / 516kB
1725634114425101622,1b8afabbe850,ev-ble-proxy-1,1b8afabbe850,6.38%,32.21MiB / 907.3MiB,0B / 0B,12.2MB / 754kB
1725634114425101622,913ae2edb42c,ev-proxy-1,913ae2edb42c,0.00%,44.73MiB / 907.3MiB,179kB / 102kB,28.1MB / 0B
1725634118096838271,da53720aae89,ev-ev-backend-1,da53720aae89,0.00%,13.07MiB / 907.3MiB,286kB / 194kB,12.7MB / 516kB
1725634118096838271,1b8afabbe850,ev-ble-proxy-1,1b8afabbe850,0.00%,32.21MiB / 907.3MiB,0B / 0B,12.2MB / 754kB
1725634118096838271,913ae2edb42c,ev-proxy-1,913ae2edb42c,0.00%,44.73MiB / 907.3MiB,181kB / 104kB,28.1MB / 0B
1725634121724613468,da53720aae89,ev-ev-backend-1,da53720aae89,0.00%,13.07MiB / 907.3MiB,290kB / 196kB,12.7MB / 528kB
1725634121724613468,1b8afabbe850,ev-ble-proxy-1,1b8afabbe850,0.00%,32.21MiB / 907.3MiB,0B / 0B,12.2MB / 754kB
1725634121724613468,913ae2edb42c,ev-proxy-1,913ae2edb42c,0.02%,44.73MiB / 907.3MiB,181kB / 105kB,28.1MB / 0B
1725634125391504625,da53720aae89,ev-ev-backend-1,da53720aae89,0.00%,13.08MiB / 907.3MiB,292kB / 198kB,12.7MB / 532kB
1725634125391504625,1b8afabbe850,ev-ble-proxy-1,1b8afabbe850,0.00%,32.22MiB / 907.3MiB,0B / 0B,12.2MB / 754kB
1725634125391504625,913ae2edb42c,ev-proxy-1,913ae2edb42c,0.23%,44.73MiB / 907.3MiB,183kB / 106kB,28.1MB / 0B
1725634129041363455,da53720aae89,ev-ev-backend-1,da53720aae89,7.97%,13.09MiB / 907.3MiB,296kB / 200kB,12.7MB / 545kB
1725634129041363455,1b8afabbe850,ev-ble-proxy-1,1b8afabbe850,0.00%,32.21MiB / 907.3MiB,0B / 0B,12.2MB / 754kB
1725634129041363455,913ae2edb42c,ev-proxy-1,913ae2edb42c,0.00%,44.73MiB / 907.3MiB,184kB / 107kB,28.1MB / 0B
1725634132721743203,da53720aae89,ev-ev-backend-1,da53720aae89,0.00%,13.09MiB / 907.3MiB,296kB / 200kB,12.7MB / 549kB
1725634132721743203,1b8afabbe850,ev-ble-proxy-1,1b8afabbe850,0.00%,32.21MiB / 907.3MiB,0B / 0B,12.2MB / 754kB
1725634132721743203,913ae2edb42c,ev-proxy-1,913ae2edb42c,0.00%,44.73MiB / 907.3MiB,184kB / 107kB,28.1MB / 0B
1725634136365193166,da53720aae89,ev-ev-backend-1,da53720aae89,0.00%,13.1MiB / 907.3MiB,298kB / 201kB,12.7MB / 549kB
1725634136365193166,1b8afabbe850,ev-ble-proxy-1,1b8afabbe850,0.00%,32.22MiB / 907.3MiB,0B / 0B,12.2MB / 754kB
1725634136365193166,913ae2edb42c,ev-proxy-1,913ae2edb42c,0.00%,44.73MiB / 907.3MiB,185kB / 109kB,28.1MB / 0B
1725634140021461314,da53720aae89,ev-ev-backend-1,da53720aae89,0.00%,13.11MiB / 907.3MiB,302kB / 204kB,12.7MB / 565kB
1725634140021461314,1b8afabbe850,ev-ble-proxy-1,1b8afabbe850,0.00%,32.22MiB / 907.3MiB,0B / 0B,12.2MB / 754kB
1725634140021461314,913ae2edb42c,ev-proxy-1,913ae2edb42c,0.00%,44.73MiB / 907.3MiB,186kB / 109kB,28.1MB / 0B
1725634143688450212,da53720aae89,ev-ev-backend-1,da53720aae89,0.46%,13.11MiB / 907.3MiB,303kB / 205kB,12.7MB / 565kB
1725634143688450212,1b8afabbe850,ev-ble-proxy-1,1b8afabbe850,0.00%,32.22MiB / 907.3MiB,0B / 0B,12.2MB / 754kB
1725634143688450212,913ae2edb42c,ev-proxy-1,913ae2edb42c,0.36%,44.73MiB / 907.3MiB,187kB / 110kB,28.1MB / 0B
1725634147369767647,da53720aae89,ev-ev-backend-1,da53720aae89,0.00%,13.11MiB / 907.3MiB,304kB / 206kB,12.7MB / 565kB
1725634147369767647,1b8afabbe850,ev-ble-proxy-1,1b8afabbe850,0.00%,32.23MiB / 907.3MiB,0B / 0B,12.2MB / 754kB
1725634147369767647,913ae2edb42c,ev-proxy-1,913ae2edb42c,0.00%,44.73MiB / 907.3MiB,187kB / 111kB,28.1MB / 0B
1725634150995794079,da53720aae89,ev-ev-backend-1,da53720aae89,0.00%,13.11MiB / 907.3MiB,308kB / 208kB,12.7MB / 582kB
1725634150995794079,1b8afabbe850,ev-ble-proxy-1,1b8afabbe850,0.00%,32.22MiB / 907.3MiB,0B / 0B,12.2MB / 754kB
1725634150995794079,913ae2edb42c,ev-proxy-1,913ae2edb42c,0.00%,44.73MiB / 907.3MiB,188kB / 111kB,28.1MB / 0B
1725634154650895241,da53720aae89,ev-ev-backend-1,da53720aae89,0.29%,13.11MiB / 907.3MiB,310kB / 210kB,12.7MB / 582kB
1725634154650895241,1b8afabbe850,ev-ble-proxy-1,1b8afabbe850,0.00%,33.19MiB / 907.3MiB,0B / 0B,13.2MB / 754kB
1725634154650895241,913ae2edb42c,ev-proxy-1,913ae2edb42c,0.00%,44.73MiB / 907.3MiB,190kB / 113kB,28.1MB / 0B
1725634158304866982,da53720aae89,ev-ev-backend-1,da53720aae89,13.43%,13.12MiB / 907.3MiB,314kB / 213kB,12.7MB / 594kB
1725634158304866982,1b8afabbe850,ev-ble-proxy-1,1b8afabbe850,1.18%,33.18MiB / 907.3MiB,0B / 0B,13.2MB / 754kB
1725634158304866982,913ae2edb42c,ev-proxy-1,913ae2edb42c,0.26%,44.73MiB / 907.3MiB,190kB / 113kB,28.1MB / 0B
1725634161951268462,da53720aae89,ev-ev-backend-1,da53720aae89,0.00%,13.12MiB / 907.3MiB,314kB / 213kB,12.7MB / 598kB
1725634161951268462,1b8afabbe850,ev-ble-proxy-1,1b8afabbe850,0.00%,33.18MiB / 907.3MiB,0B / 0B,13.2MB / 754kB
1725634161951268462,913ae2edb42c,ev-proxy-1,913ae2edb42c,0.04%,44.73MiB / 907.3MiB,190kB / 113kB,28.1MB / 0B
1725634165574818231,da53720aae89,ev-ev-backend-1,da53720aae89,0.05%,13.12MiB / 907.3MiB,316kB / 214kB,12.7MB / 598kB
1725634165574818231,1b8afabbe850,ev-ble-proxy-1,1b8afabbe850,0.00%,33.19MiB / 907.3MiB,0B / 0B,13.2MB / 754kB
1725634165574818231,913ae2edb42c,ev-proxy-1,913ae2edb42c,0.00%,44.73MiB / 907.3MiB,192kB / 115kB,28.1MB / 0B
1725634169233508781,da53720aae89,ev-ev-backend-1,da53720aae89,13.50%,13.12MiB / 907.3MiB,320kB / 217kB,12.7MB / 610kB
1725634169233508781,1b8afabbe850,ev-ble-proxy-1,1b8afabbe850,0.00%,33.18MiB / 907.3MiB,0B / 0B,13.2MB / 754kB
1725634169233508781,913ae2edb42c,ev-proxy-1,913ae2edb42c,0.00%,44.73MiB / 907.3MiB,192kB / 115kB,28.1MB / 0B
1725634172891260220,da53720aae89,ev-ev-backend-1,da53720aae89,0.05%,13.12MiB / 907.3MiB,322kB / 218kB,12.7MB / 614kB
1725634172891260220,1b8afabbe850,ev-ble-proxy-1,1b8afabbe850,2.26%,33.19MiB / 907.3MiB,0B / 0B,13.2MB / 754kB
1725634172891260220,913ae2edb42c,ev-proxy-1,913ae2edb42c,0.46%,44.73MiB / 907.3MiB,193kB / 117kB,28.1MB / 0B
1725634176538767043,da53720aae89,ev-ev-backend-1,da53720aae89,0.24%,13.12MiB / 907.3MiB,322kB / 219kB,12.7MB / 614kB
1725634176538767043,1b8afabbe850,ev-ble-proxy-1,1b8afabbe850,2.23%,33.18MiB / 907.3MiB,0B / 0B,13.2MB / 754kB
1725634176538767043,913ae2edb42c,ev-proxy-1,913ae2edb42c,0.24%,44.73MiB / 907.3MiB,194kB / 117kB,28.1MB / 0B
1725634180178307932,da53720aae89,ev-ev-backend-1,da53720aae89,0.69%,13.12MiB / 907.3MiB,328kB / 223kB,12.7MB / 635kB
1725634180178307932,1b8afabbe850,ev-ble-proxy-1,1b8afabbe850,2.48%,33.18MiB / 907.3MiB,0B / 0B,13.2MB / 754kB
1725634180178307932,913ae2edb42c,ev-proxy-1,913ae2edb42c,14.56%,44.73MiB / 907.3MiB,195kB / 119kB,28.1MB / 0B
1725634183816321068,da53720aae89,ev-ev-backend-1,da53720aae89,0.00%,13.12MiB / 907.3MiB,328kB / 223kB,12.7MB / 635kB
1725634183816321068,1b8afabbe850,ev-ble-proxy-1,1b8afabbe850,0.00%,33.19MiB / 907.3MiB,0B / 0B,13.2MB / 754kB
1725634183816321068,913ae2edb42c,ev-proxy-1,913ae2edb42c,0.00%,44.73MiB / 907.3MiB,196kB / 119kB,28.1MB / 0B
1725634186440048434,da53720aae89,ev-ev-backend-1,da53720aae89,0.00%,13.12MiB / 907.3MiB,332kB / 225kB,12.7MB / 651kB
1725634186440048434,1b8afabbe850,ev-ble-proxy-1,1b8afabbe850,0.00%,33.19MiB / 907.3MiB,0B / 0B,13.2MB / 754kB
1725634186440048434,913ae2edb42c,ev-proxy-1,913ae2edb42c,0.00%,44.74MiB / 907.3MiB,196kB / 120kB,28.1MB / 0B
1725634190112217668,da53720aae89,ev-ev-backend-1,da53720aae89,0.00%,13.12MiB / 907.3MiB,334kB / 227kB,12.7MB / 651kB
1725634190112217668,1b8afabbe850,ev-ble-proxy-1,1b8afabbe850,0.00%,33.19MiB / 907.3MiB,0B / 0B,13.2MB / 754kB
1725634190112217668,913ae2edb42c,ev-proxy-1,913ae2edb42c,0.46%,44.74MiB / 907.3MiB,198kB / 121kB,28.1MB / 0B
1725634193758913492,da53720aae89,ev-ev-backend-1,da53720aae89,0.00%,13.12MiB / 907.3MiB,338kB / 230kB,12.7MB / 668kB
1725634193758913492,1b8afabbe850,ev-ble-proxy-1,1b8afabbe850,0.00%,33.19MiB / 907.3MiB,0B / 0B,13.2MB / 754kB
1725634193758913492,913ae2edb42c,ev-proxy-1,913ae2edb42c,0.23%,44.74MiB / 907.3MiB,198kB / 122kB,28.1MB / 0B
1725634197428381593,da53720aae89,ev-ev-backend-1,da53720aae89,0.00%,13.12MiB / 907.3MiB,338kB / 230kB,12.7MB / 668kB
1725634197428381593,1b8afabbe850,ev-ble-proxy-1,1b8afabbe850,4.60%,33.19MiB / 907.3MiB,0B / 0B,13.2MB / 754kB
1725634197428381593,913ae2edb42c,ev-proxy-1,913ae2edb42c,0.36%,44.74MiB / 907.3MiB,199kB / 123kB,28.1MB / 0B
1725634201070583121,da53720aae89,ev-ev-backend-1,da53720aae89,0.00%,13.12MiB / 907.3MiB,340kB / 231kB,12.7MB / 668kB
1725634201070583121,1b8afabbe850,ev-ble-proxy-1,1b8afabbe850,0.00%,33.19MiB / 907.3MiB,0B / 0B,13.2MB / 754kB
1725634201070583121,913ae2edb42c,ev-proxy-1,913ae2edb42c,0.00%,44.74MiB / 907.3MiB,200kB / 124kB,28.1MB / 0B
1725634204753357004,da53720aae89,ev-ev-backend-1,da53720aae89,0.26%,13.12MiB / 907.3MiB,341kB / 232kB,12.7MB / 672kB
1725634204753357004,1b8afabbe850,ev-ble-proxy-1,1b8afabbe850,0.00%,33.19MiB / 907.3MiB,0B / 0B,13.2MB / 754kB
1725634204753357004,913ae2edb42c,ev-proxy-1,913ae2edb42c,0.00%,44.74MiB / 907.3MiB,200kB / 124kB,28.1MB / 0B
1725634208390209034,da53720aae89,ev-ev-backend-1,da53720aae89,0.00%,13.12MiB / 907.3MiB,344kB / 234kB,12.7MB / 684kB
1725634208390209034,1b8afabbe850,ev-ble-proxy-1,1b8afabbe850,0.00%,33.18MiB / 907.3MiB,0B / 0B,13.2MB / 754kB
1725634208390209034,913ae2edb42c,ev-proxy-1,913ae2edb42c,0.00%,44.74MiB / 907.3MiB,201kB / 124kB,28.1MB / 0B
1725634212016586502,da53720aae89,ev-ev-backend-1,da53720aae89,0.00%,13.12MiB / 907.3MiB,344kB / 234kB,12.7MB / 688kB
1725634212016586502,1b8afabbe850,ev-ble-proxy-1,1b8afabbe850,0.00%,33.18MiB / 907.3MiB,0B / 0B,13.2MB / 754kB
1725634212016586502,913ae2edb42c,ev-proxy-1,913ae2edb42c,0.00%,44.74MiB / 907.3MiB,201kB / 124kB,28.1MB / 0B
1725634215674993315,da53720aae89,ev-ev-backend-1,da53720aae89,0.00%,13.12MiB / 907.3MiB,344kB / 234kB,12.7MB / 688kB
1725634215674993315,1b8afabbe850,ev-ble-proxy-1,1b8afabbe850,0.00%,33.18MiB / 907.3MiB,0B / 0B,13.2MB / 754kB
1725634215674993315,913ae2edb42c,ev-proxy-1,913ae2edb42c,0.00%,44.74MiB / 907.3MiB,201kB / 124kB,28.1MB / 0B
1725634219342910003,da53720aae89,ev-ev-backend-1,da53720aae89,0.00%,13.12MiB / 907.3MiB,344kB / 234kB,12.7MB / 688kB
1725634219342910003,1b8afabbe850,ev-ble-proxy-1,1b8afabbe850,0.00%,33.18MiB / 907.3MiB,0B / 0B,13.2MB / 754kB
1725634219342910003,913ae2edb42c,ev-proxy-1,913ae2edb42c,0.00%,44.74MiB / 907.3MiB,201kB / 124kB,28.1MB / 0B
1725634222990705118,da53720aae89,ev-ev-backend-1,da53720aae89,0.00%,13.12MiB / 907.3MiB,344kB / 235kB,12.7MB / 688kB
1725634222990705118,1b8afabbe850,ev-ble-proxy-1,1b8afabbe850,0.00%,33.18MiB / 907.3MiB,0B / 0B,13.2MB / 754kB
1725634222990705118,913ae2edb42c,ev-proxy-1,913ae2edb42c,0.00%,44.74MiB / 907.3MiB,201kB / 124kB,28.1MB / 0B
1725634226684347183,da53720aae89,ev-ev-backend-1,da53720aae89,0.00%,13.12MiB / 907.3MiB,344kB / 235kB,12.7MB / 688kB
1725634226684347183,1b8afabbe850,ev-ble-proxy-1,1b8afabbe850,0.00%,33.18MiB / 907.3MiB,0B / 0B,13.2MB / 754kB
1725634226684347183,913ae2edb42c,ev-proxy-1,913ae2edb42c,0.00%,44.74MiB / 907.3MiB,201kB / 124kB,28.1MB / 0B
1725634230344908499,da53720aae89,ev-ev-backend-1,da53720aae89,0.00%,13.12MiB / 907.3MiB,344kB / 235kB,12.7MB / 688kB
1725634230344908499,1b8afabbe850,ev-ble-proxy-1,1b8afabbe850,0.00%,33.18MiB / 907.3MiB,0B / 0B,13.2MB / 754kB
1725634230344908499,913ae2edb42c,ev-proxy-1,913ae2edb42c,0.03%,44.74MiB / 907.3MiB,201kB / 124kB,28.1MB / 0B
1725634233991095543,da53720aae89,ev-ev-backend-1,da53720aae89,0.00%,13.12MiB / 907.3MiB,344kB / 235kB,12.7MB / 688kB
1725634233991095543,1b8afabbe850,ev-ble-proxy-1,1b8afabbe850,0.00%,33.18MiB / 907.3MiB,0B / 0B,13.2MB / 754kB
1725634233991095543,913ae2edb42c,ev-proxy-1,913ae2edb42c,0.00%,44.74MiB / 907.3MiB,201kB / 124kB,28.1MB / 0B
1725634236638819212,da53720aae89,ev-ev-backend-1,da53720aae89,0.00%,13.12MiB / 907.3MiB,345kB / 235kB,12.7MB / 688kB
1725634236638819212,1b8afabbe850,ev-ble-proxy-1,1b8afabbe850,0.00%,33.18MiB / 907.3MiB,0B / 0B,13.2MB / 754kB
1725634236638819212,913ae2edb42c,ev-proxy-1,913ae2edb42c,0.00%,44.74MiB / 907.3MiB,201kB / 124kB,28.1MB / 0B
1725634240280998989,da53720aae89,ev-ev-backend-1,da53720aae89,0.00%,13.12MiB / 907.3MiB,345kB / 235kB,12.7MB / 688kB
1725634240280998989,1b8afabbe850,ev-ble-proxy-1,1b8afabbe850,0.00%,33.18MiB / 907.3MiB,0B / 0B,13.2MB / 754kB
1725634240280998989,913ae2edb42c,ev-proxy-1,913ae2edb42c,0.02%,44.74MiB / 907.3MiB,201kB / 124kB,28.1MB / 0B
1725634243973511049,da53720aae89,ev-ev-backend-1,da53720aae89,0.00%,13.12MiB / 907.3MiB,345kB / 235kB,12.7MB / 688kB
1725634243973511049,1b8afabbe850,ev-ble-proxy-1,1b8afabbe850,0.00%,33.18MiB / 907.3MiB,0B / 0B,13.2MB / 754kB
1725634243973511049,913ae2edb42c,ev-proxy-1,913ae2edb42c,0.00%,44.74MiB / 907.3MiB,201kB / 124kB,28.1MB / 0B
1725634247595600864,da53720aae89,ev-ev-backend-1,da53720aae89,0.00%,13.12MiB / 907.3MiB,345kB / 235kB,12.7MB / 688kB
1725634247595600864,1b8afabbe850,ev-ble-proxy-1,1b8afabbe850,0.00%,33.18MiB / 907.3MiB,0B / 0B,13.2MB / 754kB
1725634247595600864,913ae2edb42c,ev-proxy-1,913ae2edb42c,0.00%,44.74MiB / 907.3MiB,201kB / 124kB,28.1MB / 0B
1725634251228114766,da53720aae89,ev-ev-backend-1,da53720aae89,0.00%,13.12MiB / 907.3MiB,345kB / 235kB,12.7MB / 688kB
1725634251228114766,1b8afabbe850,ev-ble-proxy-1,1b8afabbe850,0.00%,33.18MiB / 907.3MiB,0B / 0B,13.2MB / 754kB
1725634251228114766,913ae2edb42c,ev-proxy-1,913ae2edb42c,0.02%,44.74MiB / 907.3MiB,201kB / 124kB,28.1MB / 0B
1725634254850103066,da53720aae89,ev-ev-backend-1,da53720aae89,0.00%,13.12MiB / 907.3MiB,345kB / 235kB,12.7MB / 688kB
1725634254850103066,1b8afabbe850,ev-ble-proxy-1,1b8afabbe850,0.00%,33.18MiB / 907.3MiB,0B / 0B,13.2MB / 754kB
1725634254850103066,913ae2edb42c,ev-proxy-1,913ae2edb42c,0.00%,44.74MiB / 907.3MiB,201kB / 124kB,28.1MB / 0B
1725634258496730712,da53720aae89,ev-ev-backend-1,da53720aae89,0.00%,13.12MiB / 907.3MiB,345kB / 235kB,12.7MB / 688kB
1725634258496730712,1b8afabbe850,ev-ble-proxy-1,1b8afabbe850,0.00%,33.18MiB / 907.3MiB,0B / 0B,13.2MB / 754kB
1725634258496730712,913ae2edb42c,ev-proxy-1,913ae2edb42c,0.00%,44.74MiB / 907.3MiB,201kB / 124kB,28.1MB / 0B
1725634262122140231,da53720aae89,ev-ev-backend-1,da53720aae89,0.00%,13.12MiB / 907.3MiB,345kB / 235kB,12.7MB / 688kB
1725634262122140231,1b8afabbe850,ev-ble-proxy-1,1b8afabbe850,0.00%,33.18MiB / 907.3MiB,0B / 0B,13.2MB / 754kB
1725634262122140231,913ae2edb42c,ev-proxy-1,913ae2edb42c,0.04%,44.74MiB / 907.3MiB,201kB / 124kB,28.1MB / 0B
1725634265785658008,da53720aae89,ev-ev-backend-1,da53720aae89,0.00%,13.12MiB / 907.3MiB,345kB / 235kB,12.7MB / 688kB
1725634265785658008,1b8afabbe850,ev-ble-proxy-1,1b8afabbe850,0.00%,33.18MiB / 907.3MiB,0B / 0B,13.2MB / 754kB
1725634265785658008,913ae2edb42c,ev-proxy-1,913ae2edb42c,0.00%,44.74MiB / 907.3MiB,201kB / 124kB,28.1MB / 0B
1725634269447707668,da53720aae89,ev-ev-backend-1,da53720aae89,0.00%,13.12MiB / 907.3MiB,345kB / 236kB,12.7MB / 688kB
1725634269447707668,1b8afabbe850,ev-ble-proxy-1,1b8afabbe850,0.00%,33.18MiB / 907.3MiB,0B / 0B,13.2MB / 754kB
1725634269447707668,913ae2edb42c,ev-proxy-1,913ae2edb42c,0.00%,44.74MiB / 907.3MiB,201kB / 124kB,28.1MB / 0B
