name,start,end,duration
download_csr,1725633696106384422,1725633696106571699,187388
sign_csr,1725633696106597760,1725633696127732626,21135297
send_csr,1725633696127784858,1725633696127960302,175775
csr,1725633696106357660,1725633696128008417,21650897
download_csr,1725633705897108505,1725633705897287386,179271
sign_csr,1725633705897308337,1725633705918691861,21383944
send_csr,1725633705918787288,1725633705919016457,229460
csr,1725633705897107353,1725633705919087997,21980905
download_csr,1725633730717084944,1725633730717636966,552824
sign_csr,1725633730717695571,1725633730740076895,22381775
send_csr,1725633730740144057,1725633730740322627,178730
csr,1725633730717083291,1725633730740357285,23274074
download_csr,1725633738359513715,1725633738359812201,298776
sign_csr,1725633738359833623,1725633738382363954,22530572
send_csr,1725633738382437999,1725633738382627331,189572
csr,1725633738359513034,1725633738382667810,23154946
download_csr,1725633746617750265,1725633746627620317,9870393
sign_csr,1725633746627643202,1725633746648020893,20378583
send_csr,1725633746648080440,1725633746648235343,155054
csr,1725633746617749364,1725633746648276013,30526749
download_csr,1725633754372718645,1725633754372889870,171526
sign_csr,1725633754372910080,1725633754395512127,22602427
send_csr,1725633754395592524,1725633754395830320,238047
csr,1725633754372717833,1725633754395900538,23182945
download_csr,1725633763085410836,1725633763085625818,215673
sign_csr,1725633763085658231,1725633763106639116,20981176
send_csr,1725633763106704093,1725633763106864518,160505
csr,1725633763085409794,1725633763106895739,21486065
download_csr,1725633775618730274,1725633775619007438,277364
sign_csr,1725633775619042206,1725633775643765086,24723160
send_csr,1725633775643849862,1725633775644153071,303389
csr,1725633775618728711,1725633775644195033,25466402
download_csr,1725633786086961399,1725633786087170549,209350
sign_csr,1725633786087191480,1725633786108665410,21474381
send_csr,1725633786108759644,1725633786108934127,174732
csr,1725633786086960517,1725633786108970949,22010542
download_csr,1725633797544284849,1725633797544594275,309717
sign_csr,1725633797544614315,1725633797565575866,20962092
send_csr,1725633797565665331,1725633797565868209,202988
csr,1725633797544284147,1725633797565902646,21618590
download_csr,1725633807068865437,1725633807079768194,10903308
sign_csr,1725633807079829093,1725633807103143467,23314654
send_csr,1725633807103246008,1725633807103466170,220282
csr,1725633807068863874,1725633807103499265,34635451
download_csr,1725633817630370998,1725633817630691617,321160
sign_csr,1725633817630728309,1725633817651670972,20942983
send_csr,1725633817651714898,1725633817651874451,159733
csr,1725633817630370297,1725633817651908027,21537810
download_csr,1725633827455790728,1725633827455985570,195153
sign_csr,1725633827456008415,1725633827479389306,23381302
send_csr,1725633827479440777,1725633827479619598,179032
csr,1725633827455789766,1725633827479665478,23875842
download_csr,1725633837776369853,1725633837776623801,254228
sign_csr,1725633837776644752,1725633837799692204,23048113
send_csr,1725633837799761950,1725633837799940721,179102
csr,1725633837776368871,1725633837799975048,23606287
download_csr,1725633846727068453,1725633846727356107,287984
sign_csr,1725633846727388761,1725633846747801866,20413516
send_csr,1725633846747903976,1725633846748127544,223789
csr,1725633846727067350,1725633846748198744,21131644
download_csr,1725633858685591457,1725633858686835847,1244691
sign_csr,1725633858686857500,1725633858723176210,36319492
send_csr,1725633858723292398,1725633858723611023,318856
csr,1725633858685590345,1725633858723676652,38086567
download_csr,1725633869967066051,1725633869967348365,282855
sign_csr,1725633869967411719,1725633869999351267,31940440
send_csr,1725633869999502153,1725633869999697887,195754
csr,1725633869967064949,1725633869999733026,32668147
download_csr,1725633878343634547,1725633878343822325,188088
sign_csr,1725633878343842364,1725633878365044347,21202574
send_csr,1725633878365117230,1725633878365292032,175033
csr,1725633878343633705,1725633878365347100,21713485
download_csr,1725633887504886728,1725633887505122941,236554
sign_csr,1725633887505147750,1725633887526510448,21363349
send_csr,1725633887526616436,1725633887526865274,249249
csr,1725633887504886186,1725633887526946564,22060678
download_csr,1725633896934045822,1725633896934233460,188059
sign_csr,1725633896934268248,1725633896955893837,21626160
send_csr,1725633896956014454,1725633896956263552,249478
csr,1725633896934045051,1725633896956334120,22289179
download_csr,1725633906062681938,1725633906063021714,340307
sign_csr,1725633906063064457,1725633906094570486,31506278
send_csr,1725633906094636705,1725633906094816959,180513
csr,1725633906062681336,1725633906094853280,32172043
download_csr,1725633913960045971,1725633913960337252,291592
sign_csr,1725633913960358464,1725633913981050130,20692277
send_csr,1725633913981154765,1725633913981390146,235682
csr,1725633913960045039,1725633913981459442,21414594
download_csr,1725633922684818584,1725633922685005891,187608
sign_csr,1725633922685026281,1725633922707814399,22788609
send_csr,1725633922707881140,1725633922708055291,174612
csr,1725633922684817923,1725633922708090530,23272677
download_csr,1725633931628109360,1725633931628390561,281662
sign_csr,1725633931628425720,1725633931650062548,21637158
send_csr,1725633931650156652,1725633931650373177,216795
csr,1725633931628107927,1725633931650438765,22331079
download_csr,1725633940611572891,1725633940611759006,186455
sign_csr,1725633940611778034,1725633940633261342,21483990
send_csr,1725633940633368643,1725633940633613312,245050
csr,1725633940611572170,1725633940633656036,22083977
download_csr,1725633949885178216,1725633949885354972,177067
sign_csr,1725633949885376324,1725633949906276289,20900246
send_csr,1725633949906339503,1725633949906495569,156287
csr,1725633949885177204,1725633949906529255,21352132
download_csr,1725633959252556940,1725633959263601233,11044644
sign_csr,1725633959263630571,1725633959284332761,20702651
send_csr,1725633959284415874,1725633959284588412,172658
csr,1725633959252556129,1725633959284629272,32073263
download_csr,1725633968479893829,1725633968480266389,373162
sign_csr,1725633968480308001,1725633968501506431,21198791
send_csr,1725633968501604132,1725633968501836177,232265
csr,1725633968479892386,1725633968501904972,22012747
download_csr,1725633979749165570,1725633979749893348,728289
sign_csr,1725633979750267541,1725633979783659343,33392093
send_csr,1725633979783722136,1725633979783915325,193389
csr,1725633979749164639,1725633979783952408,34787879
download_csr,1725633994719633850,1725633994721421953,1788524
sign_csr,1725633994721456992,1725633994744185073,22728953
send_csr,1725633994744274137,1725633994744443158,169161
csr,1725633994719632658,1725633994744480241,24847663
download_csr,1725634007339948078,1725634007340283766,336089
sign_csr,1725634007340318374,1725634007361322400,21004256
send_csr,1725634007361382397,1725634007361533614,151356
csr,1725634007339946906,1725634007361567310,21620524
download_csr,1725634033876976505,1725634033877338467,362463
sign_csr,1725634033877378335,1725634033900567495,23189350
send_csr,1725634033900636921,1725634033900786435,149724
csr,1725634033876974882,1725634033900818508,23843716
download_csr,1725634045500568807,1725634045500749021,180565
sign_csr,1725634045500769381,1725634045532846803,32077944
send_csr,1725634045532962260,1725634045533218422,256393
csr,1725634045500568156,1725634045533259233,32691187
download_csr,1725634055988206823,1725634055988430891,224399
sign_csr,1725634055988454367,1725634056022784041,34330055
send_csr,1725634056022881993,1725634056023160748,279056
csr,1725634055988205641,1725634056023213321,35007770
download_csr,1725634065600839088,1725634065601115883,277155
sign_csr,1725634065601140852,1725634065622530324,21389973
send_csr,1725634065622604480,1725634065622767671,163492
csr,1725634065600838217,1725634065622813501,21975404
download_csr,1725634074066668553,1725634074066852123,183871
sign_csr,1725634074066872523,1725634074088205580,21333528
send_csr,1725634074088355865,1725634074088723686,368102
csr,1725634074066667651,1725634074088813202,22145791
download_csr,1725634083192293019,1725634083202700086,10407448
sign_csr,1725634083202728351,1725634083224743987,22016086
send_csr,1725634083224850315,1725634083225019086,168892
csr,1725634083192291936,1725634083225058994,32767128
download_csr,1725634092133221555,1725634092133540230,319136
sign_csr,1725634092133571080,1725634092154324225,20753886
send_csr,1725634092154428008,1725634092154654322,226424
csr,1725634092133220503,1725634092154701164,21480741
download_csr,1725634101997887178,1725634101998064055,177158
sign_csr,1725634101998084064,1725634102036755920,38672387
send_csr,1725634102036850656,1725634102037068844,218308
csr,1725634101997886367,1725634102037121788,39235611
download_csr,1725634111717238361,1725634111717419806,181726
sign_csr,1725634111717439835,1725634111738639901,21200527
send_csr,1725634111738760558,1725634111738923857,163510
csr,1725634111717237449,1725634111738960399,21723050
download_csr,1725634121029335602,1725634121029527268,191926
sign_csr,1725634121029547858,1725634121054121742,24574525
send_csr,1725634121054214013,1725634121054493711,279919
csr,1725634121029334730,1725634121054581313,25246894
download_csr,1725634129624533034,1725634129625847825,1315323
sign_csr,1725634129625872925,1725634129647280745,21408261
send_csr,1725634129647402735,1725634129647703625,301522
csr,1725634129624531972,1725634129647792460,23260838
download_csr,1725634140394156721,1725634140394446259,290279
sign_csr,1725634140394479525,1725634140416307372,21828298
send_csr,1725634140416416075,1725634140416671596,255681
csr,1725634140394155649,1725634140416710683,22555114
download_csr,1725634150741996123,1725634150742198941,203098
sign_csr,1725634150742220724,1725634150763214461,20994308
send_csr,1725634150763274489,1725634150763430275,155906
csr,1725634150741995031,1725634150763466005,21471104
download_csr,1725634159686810487,1725634159687041511,231264
sign_csr,1725634159687064335,1725634159722116256,35052602
send_csr,1725634159722237715,1725634159722566380,329377
csr,1725634159686809625,1725634159722748769,35939795
download_csr,1725634169914910632,1725634169915149168,238927
sign_csr,1725634169915183485,1725634169947130990,31948076
send_csr,1725634169947261475,1725634169947569507,308423
csr,1725634169914909860,1725634169947667839,32758370
download_csr,1725634178259757116,1725634178260114549,357843
sign_csr,1725634178260146682,1725634178287819864,27673653
send_csr,1725634178287957154,1725634178288208168,251344
csr,1725634178259756024,1725634178288281061,28525277
download_csr,1725634186382869395,1725634186383052284,183280
sign_csr,1725634186383073466,1725634186403852509,20779284
send_csr,1725634186403922357,1725634186404149884,227938
csr,1725634186382868363,1725634186404219440,21351268
download_csr,1725634194886352859,1725634194886532491,180013
sign_csr,1725634194886553933,1725634194917535898,30982336
send_csr,1725634194917607809,1725634194917804685,196996
csr,1725634194886352118,1725634194917838752,31486704
download_csr,1725634207781837223,1725634207782046042,209180
sign_csr,1725634207782067404,1725634207802002122,19935059
send_csr,1725634207802094794,1725634207802306930,212336
csr,1725634207781836421,1725634207802376065,20539825
